URL,Title,Description,Keywords,Title Exists (True/False),Description Exists (True/False),Keywords Exists (True/False)
https://palliative.zdrav.mosreg.ru/obezbolivanie/perechen_zhiznenno_neobhodimih_i_vazhneishih_lekarstvennih_p,Перечень жизненно необходимых и важнейших лекарственных препаратов (ЖНВЛП),"Перечень жизненно необходимых и важнейших лекарственных препаратов (ЖНВЛП) — это таблица, которая поделена на разделы по заболеваниям органов и систем.",,True,True,False
https://palliative.zdrav.mosreg.ru/obezbolivanie/obezbolivanie_palliativnih_patsientov_,Обезболивание паллиативных пациентов,Обезболивание паллиативных пациентов является одной из важнейших задач паллиативной медицины.,,True,True,False
https://palliative.zdrav.mosreg.ru/obezbolivanie/otsenka_boli_u_detei_,Оценка боли у детей,Оценка боли у детей отличается от таковой у взрослых,,True,True,False
https://palliative.zdrav.mosreg.ru/obezbolivanie/obezbolivanie_palliativnih_patsientov,Обезболивание паллиативных пациентов,Обезболивание паллиативных пациентов должно производиться строго по рекомендации врача.,,True,True,False
https://palliative.zdrav.mosreg.ru/pomosch_detyam/gde_i_kak_poluchit_palliativnuyu_pomosch,Где и как получить паллиативную помощь,"Узнайте, какие учреждения предоставляют паллиативную медицинскую помощь детям в Москве и Московской области. Пошаговая инструкция по получению необходимой поддержки.",,True,True,False
https://palliative.zdrav.mosreg.ru/pomosch_detyam/osobennosti_palliativnoi_meditsinskoi_pomoschi_dlya_detei,Особенности паллиативной медицинской помощи для детей,"Дети уникальны и они не являются «маленькими взрослыми». Несмотря на то, что паллиативная помощь взрослым и детям имеет определенные сходства, между ними существуют значительные различия по следующим основным компонентам",,True,True,False
https://palliative.zdrav.mosreg.ru/pomosch_detyam/spisok_zabolevanii,Список детских заболеваний,"Дети с паллиативным статусом — это одна из категорий детей инвалидов. Это дети, страдающие болезнями, которые невозможно вылечить, но можно облегчить тяжесть их течения.",,True,True,False
https://palliative.zdrav.mosreg.ru/pomosch_detyam/shkola_palliativnoi_pomoschi_dlya_roditelei,Школа гигиены полости рта для паллиативных детей,Уход за зубами паллиативного ребенка в домашних условиях,,True,True,False
https://palliative.zdrav.mosreg.ru/pomosch_detyam/gastrostoma_u_detei,Питание паллиативных детей,"До сих пор в нашей стране существует страх установки гастростомы детям. Современная гастростома — это удобно и безопасно. Кормить через нее проще, чем с ложки и безопасней, чем через назогастральный зонд.",,True,True,False
https://palliative.zdrav.mosreg.ru/pomosch_detyam/https://palliative.zdrav.mosreg.ru/appeal_form,,,,False,False,False
https://palliative.zdrav.mosreg.ru/pomosch_detyam,Помощь детям,"Когда речь заходит о паллиативной помощи ребенку, его родители испытывают жесточайший стресс. Ведь это означает, что возможности медицины исчерпаны, а выздоровление невозможно.",,True,True,False
https://palliative.zdrav.mosreg.ru/pomosch_vzroslim/dlya_chego_nuzhna_palliativnaya_pomosch,Для чего нужна паллиативная помощь,"Паллиативный уход - это подход к медицинскому уходу, который направлен на облегчение страдания и улучшение качества жизни пациентов с тяжелыми, неизлечимыми или прогрессирующими заболеваниями.",,True,True,False
https://palliative.zdrav.mosreg.ru/pomosch_vzroslim/kto_imeet_pravo_na_palliativnuyu_pomosch,Кто имеет право на паллиативную помощь,"Узнайте, кому предоставляется паллиативная медицинская помощь и какие условия необходимо соблюдать для её получения. Поддержка и уход для тяжелобольных пациентов.",,True,True,False
https://palliative.zdrav.mosreg.ru/pomosch_vzroslim/kak_poluchit_zaklyuchenie_vrachebnoi_komissii_ili_konsiliuma,Как зарегистрироваться в паллиативном реестре,"Узнайте, как правильно оформить и получить заключение врачебной комиссии для дальнейшего лечения или реабилитации. Пошаговый процесс и необходимые документы.",,True,True,False
https://palliative.zdrav.mosreg.ru/pomosch_vzroslim/normativnaya_baza,Нормативная база,"Ознакомьтесь с основными законами и нормативными актами, регулирующими оказание паллиативной медицинской помощи взрослым. Важные документы и правовые основы.",,True,True,False
https://palliative.zdrav.mosreg.ru/pomosch_vzroslim,О паллиативной помощи,Помощь паллиативным пациентам.,,True,True,False
https://palliative.zdrav.mosreg.ru/uslugi/gospitalizatsiya,Стационарная помощь,"В отделение паллиативной помощи госпитализируются пациенты, нуждающиеся в активной поддерживающей терапии и специальном уходе. Пациенты, проходящие паллиативное лечение, не всегда находятся в терминальной стадии болезни.",,True,True,False
https://palliative.zdrav.mosreg.ru/uslugi/sestrinskii_uhod,Сестринский уход,"Применение сестринского ухода необходимо при оказании паллиативной медицинской помощи, при наличии хронических заболеваний и заболеваний в острой форме. Сестринский уход допускает использование разных методов.",,True,True,False
https://palliative.zdrav.mosreg.ru/uslugi/viezdnaya_patronazhnaya_sluzhba,Выездная патронажная служба,"Госпитализация в стационар нужна не всегда. От большинства тягостных симптомов болезни можно избавиться и вне хосписа или стационара, продолжая находиться дома, рядом с близкими.",,True,True,False
https://palliative.zdrav.mosreg.ru/uslugi/pomosch_na_domu/oborudovanie_dlya_ispolzovaniya_na_domu/o_podguznikah,О подгузниках,"Людям часто бывает трудно справиться с проблемами недержания: постыдное и странное состояние, с которым непросто смириться. Многие пытаются игнорировать это новое явление и продолжать жить «нормальной» жизнью",,True,True,False
https://palliative.zdrav.mosreg.ru/uslugi/pomosch_na_domu/oborudovanie_dlya_ispolzovaniya_na_domu/kak_vibrat_protivoprolezhnevuyu_podushku,Как выбрать противопролежневую подушку?,Они могут отличаться по форме и наполнению,,True,True,False
https://palliative.zdrav.mosreg.ru/uslugi/pomosch_na_domu/oborudovanie_dlya_ispolzovaniya_na_domu/vibor_matrasa_dlya_posteli_palliativnogo_patsienta,Выбор матраса для постели паллиативного пациента,"Постель для паллиативного пациента – место, где он проводит много или всё время. Поэтому надо уделить особое внимание подбору матраса и постельных принадлежностей.",,True,True,False
https://palliative.zdrav.mosreg.ru/uslugi/pomosch_na_domu/oborudovanie_dlya_ispolzovaniya_na_domu/dinamicheskii_matras_i_kak_im_polzovatsya,Динамический матрас и как им пользоваться,"Для тех, кто не может самостоятельно двигаться, можно использовать динамический матрас. Тип такого матраца зависит от веса пациента.",,True,True,False
https://palliative.zdrav.mosreg.ru/uslugi/pomosch_na_domu/oborudovanie_dlya_ispolzovaniya_na_domu/adsorbiruyuschie_izdeliya,Адсорбирующие изделия,"Паллиативным пациентам часто требуются адсорбирующие изделия, впитывающие выделения, предохраняющие от загрязнения бельё и постель.",,True,True,False
https://palliative.zdrav.mosreg.ru/uslugi/pomosch_na_domu/oborudovanie_dlya_ispolzovaniya_na_domu/klassicheskie_podguzniki,Классические подгузники,Наиболее популярным является классический подгузник.,,True,True,False
https://palliative.zdrav.mosreg.ru/uslugi/pomosch_na_domu/oborudovanie_dlya_ispolzovaniya_na_domu/anatomicheskie_podguzniki,Анатомические подгузники,ЧТо такое анатомические подгузники,,True,True,False
https://palliative.zdrav.mosreg.ru/uslugi/pomosch_na_domu/oborudovanie_dlya_ispolzovaniya_na_domu/poyasnie_podguzniki,,,,False,False,False
https://palliative.zdrav.mosreg.ru/uslugi/pomosch_na_domu/oborudovanie_dlya_ispolzovaniya_na_domu/vpitivayuschie_trusi,Впитывающие трусы,Что такое впитывающие трусы,,True,True,False
https://palliative.zdrav.mosreg.ru/uslugi/pomosch_na_domu/oborudovanie_dlya_ispolzovaniya_na_domu/raznoobrazie_podguznikov,Разнообразие подгузников,В целом о правилах выбора абсорбирующих изделиях,,True,True,False
https://palliative.zdrav.mosreg.ru/uslugi/pomosch_na_domu/oborudovanie_dlya_ispolzovaniya_na_domu/esli_bolnoi_srivaet_podguznik,Если больной срывает подгузник,Сорванный подгузник со всеми вытекающими последствиями – это частая история у больных деменцией. Почему это происходит?,,True,True,False
https://palliative.zdrav.mosreg.ru/uslugi/pomosch_na_domu/oborudovanie_dlya_ispolzovaniya_na_domu/prodolzhaya_temu_mochepolovoi_sistemi_v_palliative_zatronem_,"Затронем такой вопрос как стомы мочевого пузыря, почки и мочеточника.","Стома - искусственное отверстие, создающее сообщение между полостью любого органа и окружающей средой.",,True,True,False
https://palliative.zdrav.mosreg.ru/uslugi/pomosch_na_domu/oborudovanie_dlya_ispolzovaniya_na_domu/kak_zhit_s_kolostomoi,Как жить с колостомой,Поговорим о таком виде стомы как КОЛОСТОМА,,True,True,False
https://palliative.zdrav.mosreg.ru/uslugi/pomosch_na_domu/oborudovanie_dlya_ispolzovaniya_na_domu/ispolzovanie-na-domu-medicinskih-izdelij-prednaznachennyh-dlya-podderzhaniya-funkcij-organov-organizma,"Использование на дому медицинских изделий, предназначенных для поддержания функц","При оказании паллиативной медицинской помощи всем нуждающимся пациентам в нашей стране, государство гарантирует возможность использования на дому медицинских изделий, предназначенных для поддержания функций органов организма.",,True,True,False
https://palliative.zdrav.mosreg.ru/uslugi/pomosch_na_domu/oborudovanie_dlya_ispolzovaniya_na_domu/kontsentrator_kislorodnii_meditsinskii,Концентратор кислородный медицинский,В каких ситуациях  необходим концентратор кислородный медицинский,,True,True,False
https://palliative.zdrav.mosreg.ru/uslugi/pomosch_na_domu/oborudovanie_dlya_ispolzovaniya_na_domu/o_kontsentratorah_kisloroda,О концентраторах кислорода,Для профилактической и поддерживающей кислородотерапии,,True,True,False
https://palliative.zdrav.mosreg.ru/uslugi/pomosch_na_domu/oborudovanie_dlya_ispolzovaniya_na_domu/kompressornii_meditsinskii_ingalyator_ili_nebulaizer,Компрессорный медицинский ингалятор или небулайзер,Зачем нужен небулайзер,,True,True,False
https://palliative.zdrav.mosreg.ru/uslugi/pomosch_na_domu/oborudovanie_dlya_ispolzovaniya_na_domu/_iskusstvennoi_ventilyatsii_legkih_ivl,Искусственной вентиляции легких (ИВЛ),Что такое искусственной вентиляции легких (ИВЛ),,True,True,False
https://palliative.zdrav.mosreg.ru/uslugi/pomosch_na_domu/oborudovanie_dlya_ispolzovaniya_na_domu/iskusstvennaya_ventilyatsiya_legkih_ivl_u_patsientov_v_palli,Искусственная вентиляция легких (ИВЛ) у пациентов в паллиативном уходе,Как ИВЛ может помочь паллиативным пациентам,,True,True,False
https://palliative.zdrav.mosreg.ru/uslugi/pomosch_na_domu/oborudovanie_dlya_ispolzovaniya_na_domu/novoe_pokolenie_apparatov_ivl,Новое поколение аппаратов ИВЛ,Новое поколение аппаратов ИВЛ,,True,True,False
https://palliative.zdrav.mosreg.ru/uslugi/pomosch_na_domu/oborudovanie_dlya_ispolzovaniya_na_domu/apparati_dlya_invazivnoi_ventilyatsii_legkih,Аппараты для инвазивной вентиляции легких,"Что такое аппараты для инвазивной вентиляции легких, отличающиеся портативностью и функциональностью.",,True,True,False
https://palliative.zdrav.mosreg.ru/uslugi/pomosch_na_domu/oborudovanie_dlya_ispolzovaniya_na_domu/nepravilnaya_ustanovka_zonda_,Неправильная установка зонда,При неправильной установке зонда или неправильном положении пациента в процессе поступления пищи может произойти аспирация и развиться аспирационная пневмония,,True,True,False
https://palliative.zdrav.mosreg.ru/uslugi/pomosch_na_domu,Кабинет паллиативной помощи,"Паллиативная помощь на дому – забота о пациентах в комфортной обстановке. Узнайте о видах услуг, условиях предоставления и преимуществах медицинского сопровождения дома.",,True,True,False
https://palliative.zdrav.mosreg.ru/uslugi/oborudovanie_dlya_ispolzovaniya_na_domu,Оборудование для использования на дому,"Узнайте о медицинском оборудовании, которое помогает обеспечить качественный уход за паллиативными пациентами в домашних условиях. Обзор устройств, их функций и преимуществ.",,True,True,False
https://palliative.zdrav.mosreg.ru/uslugi/psihologicheskaya_pomosch,Психологическая помощь,Узнайте о важности психологической поддержки для пациентов и их семей в период тяжелой болезни. Как получить профессиональную помощь и справиться с эмоциональным стрессом?,,True,True,False
https://palliative.zdrav.mosreg.ru/uslugi/koordinatsionnii_tsentr_palliativnoi_meditsinskoi_pomoschi,Координационный центр паллиативной медицинской помощи,"Координационный центр оказывает комплексную поддержку пациентам, нуждающимся в паллиативной помощи. Узнайте о предоставляемых услугах, команде специалистов и возможностях получения квалифицированной медицинской поддержки.",,True,True,False
https://palliative.zdrav.mosreg.ru/uslugi/obezbolivanie,Обезболивание,"Обзор методов обезболивания при паллиативном лечении. Узнайте о современных подходах к устранению боли, принципах выбора препаратов и других эффективных стратегиях для улучшения качества жизни пациентов.",,True,True,False
https://palliative.zdrav.mosreg.ru/uslugi/ochnaya_shkola_palliativnogo_patsienta,Очная школа паллиативного пациента,"Очной школе паллиативного пациента предоставляется комплексное обучение и поддержка для пациентов и их семей. Узнайте о программах, специалистах и преимуществах участия в школе.",,True,True,False
https://palliative.zdrav.mosreg.ru/uslugi,Услуги,услуги паллиативным пациентам,,True,True,False
https://palliative.zdrav.mosreg.ru/faq/segodnya_mi_pogovorili_o_rabote_odnogo_iz_vazhneishih_podraz,Сегодня мы поговорили о работе одного из важнейших подразделений Координационног,Колл-центр работает 24 часа 7 дней в неделю и обрабатывает до сотни звонков в сутки.,,True,True,False
https://palliative.zdrav.mosreg.ru/faq,Обратная связь,Вопрос-ответ,,True,True,False
https://palliative.zdrav.mosreg.ru/clinics,Паллиативные учреждения,Паллиативная карта учреждений,,True,True,False
https://palliative.zdrav.mosreg.ru/library,Полезное,"Вся необходимая информация для родственников и специалистов, кто занимается уходом и лечение паллиативных пациентов.",,True,True,False
https://palliative.zdrav.mosreg.ru/doctors/razdel_dlya_spetsialistov,,,,False,False,False
https://palliative.zdrav.mosreg.ru/https://zdrav.mosreg.ru/zapis_na_palliativ,,,,False,False,False
https://palliative.zdrav.mosreg.ru/zayavka_na_obezbolivanie,Заявка на обезболивание,Заявка на обезболивание,,True,True,False
https://palliative.zdrav.mosreg.ru/prava_patsienta/palliativnuyu_pomosch_mozhno_poluchit_besplatno,Паллиативную помощь можно получить бесплатно,Паллиативную помощь можно получить бесплатно,,True,True,False
https://palliative.zdrav.mosreg.ru/prava_patsienta/kak_okazivaetsya_palliativnaya_meditsinskaya_pomosch_,Как оказывается паллиативная медицинская помощь?,"Паллиативная медицинская помощь оказывается в амбулаторных условиях, в том числе на дому, в дневном стационаре и стационарных условиях.",,True,True,False
https://palliative.zdrav.mosreg.ru/prava_patsienta/kakie_spetsialisti_okazivayut_pomosch_palliativnomu_bolnomu,Какие специалисты оказывают помощь паллиативному больному?,Какие специалисты оказывают помощь паллиативному больному?,,True,True,False
https://palliative.zdrav.mosreg.ru/prava_patsienta/osnovnie_normativnopravovie_akti_kotorie_reguliruyut_okazani,Основные нормативно-правовые акты,"Перечень основных нормативно-правовых актов, которые регулируют оказание паллиативной медицинской помощи в России.",,True,True,False
https://palliative.zdrav.mosreg.ru/prava_patsienta,Права паллиативного пациента,Право на бесплатную медицинскую помощь гражданам нашей страны гарантировано 41-й статьей Конституции РФ. Паллиативная медицинская помощь оказывается в соответствии с Положением об организации оказания паллиативной медицинской помощи.,,True,True,False
https://palliative.zdrav.mosreg.ru/order_to_doctor,Запись к врачу,Запись к врачу,,True,True,False
https://palliative.zdrav.mosreg.ru/call_patronaj,Вызов патронажной службы,Вызов патронажной службы,,True,True,False
https://palliative.zdrav.mosreg.ru/sestrinsky_uhod,Заявка на сестринский уход,Заявка на сестринский уход,,True,True,False
https://palliative.zdrav.mosreg.ru/request_to_equipment,Заявка на выдачу оборудования,Заявка на выдачу оборудования,,True,True,False
https://palliative.zdrav.mosreg.ru/request_to_status,Заявка на получение паллиативного статуса,Заявка на получение паллиативного статуса,,True,True,False
https://palliative.zdrav.mosreg.ru/shkola_patsienta/gigiena/uhod_za_zubami_palliativnogo_patsienta,"Уход за зубами, ушами, глазами, кожей и ногтями","Паллиативному пациенту необходимо периодически проводить осмотр ротовой полости, проверять состояние зубов и десен. Но что делать, если вы обнаружили проблему, а человек с трудом встаёт с постели?",,True,True,False
https://palliative.zdrav.mosreg.ru/shkola_patsienta/gigiena/uhod_za_volosami_palliativnogo_patsienta,Уход за волосами и мытьё пациента,"Очень важно следить за волосами и кожей головы паллиативных пациентов. Если не проводить регулярную гигиену, возникает дискомфорт, зуд, потница кожи, а также путаница волос и в худшем случае колтуны.",,True,True,False
https://palliative.zdrav.mosreg.ru/shkola_patsienta/gigiena/gigiena_lezhachego_bolnogo,Интимная гигиена,"Гигиена лежачего больного очень важна для поддержания его здоровья и предотвращения инфекций, осложнений. В разделе приведены основные рекомендации по проведению гигиены лежачего больного.",,True,True,False
https://palliative.zdrav.mosreg.ru/shkola_patsienta/gigiena/uhod_za_patsientom,Пролежни,"Любой тяжелобольной пациент испытывает на себе влияние многочисленных факторов риска развития пролежней. Пролежень - язва от давления, возникающая на определенных участках тела и при определенных условиях.",,True,True,False
https://palliative.zdrav.mosreg.ru/shkola_patsienta/gigiena,,,,False,False,False
https://palliative.zdrav.mosreg.ru/shkola_patsienta/bolezni_palliativnih_patsientov,Болезни паллиативных пациентов,"Узнайте больше о заболеваниях, требующих паллиативной помощи, их симптомах, методах лечения и важности качественного ухода за пациентами на последних стадиях болезни.",,True,True,False
https://palliative.zdrav.mosreg.ru/shkola_patsienta/pitanie_copy/osnovnie_pravila_i_aspekti_pitaniya_palliativnogo_patsienta,Основные правила питания,"Из статьи вы узнаете об общих правилах по самостоятельному питанию паллиативного пациента, также о полезных советах. Специалисты подготовили информацию о том, как не допустить обезвоживания пациента и правильно применять нутриционную поддержку.",,True,True,False
https://palliative.zdrav.mosreg.ru/shkola_patsienta/pitanie_copy/nutritsionnaya_podderzhka,Нутриционная поддержка,"Паллиативные пациенты часто нуждаются в нутриционной поддержке. Это комплекс лечебных мероприятий, направленных на поддержание cтруктурно-функционального и метаболического равновесия в организме тяжелых больных.",,True,True,False
https://palliative.zdrav.mosreg.ru/shkola_patsienta/pitanie_copy/pitanie_pri_kolostome,Питание при колостоме,"Питание при колостоме. В случае неправильного питания могут возникать запоры, повышенное газообразование, что создаст дополнительные проблемы и дискомфорт.",,True,True,False
https://palliative.zdrav.mosreg.ru/shkola_patsienta/pitanie_copy/mifi_ob_enteralnom_pitanii_i_kak_eto_obstoit_na_samom_dele,Энтеральное питание,"Энтеральное питание, особенно через зонд, выглядит непривычно. Трубочки и другое медицинское оборудование, которое оказывается в организме пациента, могут вызвать опасения о побочных эффектах такой процедуры.",,True,True,False
https://palliative.zdrav.mosreg.ru/shkola_patsienta/pitanie_copy,Питание,Все о питании паллиативного пациента,,True,True,False
https://palliative.zdrav.mosreg.ru/shkola_patsienta/sozdanie_komfortnoi_sredi/sohranenie_komforta_v_palliativnoi_meditsine_na_vseh_urovnya,Сохранение комфорта в паллиативной медицине на всех уровнях,Один из важнейших аспектов ухода за пациентом,,True,True,False
https://palliative.zdrav.mosreg.ru/shkola_patsienta/sozdanie_komfortnoi_sredi/kak_samostoyatelno_pomenyat_polozhenie_patsienta,О перемещении паллиативного пациента в кровати,"Если больной не может двигаться самостоятельно, каждые 2 часа, пока он не спит, нужно менять его положение - на спине, на правом и левом боку. Это необходимо для исключения пролежней и предотвращения застоя крови в легких.",,True,True,False
https://palliative.zdrav.mosreg.ru/shkola_patsienta/sozdanie_komfortnoi_sredi/naibolee_rasprostranyonnaya_travma_pozhilih_lyudei,Пространство и  передвижение тяжёлых пациентов,"Травма, которая приводит к тяжёлым последствиям, осложнениям и требует ухода. Для того, чтобы уменьшить риски осложнений и страдания пациента, необходимо использовать ряд приспособлений. Ознакомьтесь с ними в статье.",,True,True,False
https://palliative.zdrav.mosreg.ru/shkola_patsienta/sozdanie_komfortnoi_sredi/_kak_pravilno_radovat_palliativnogo_patsienta,Как правильно радовать паллиативного пациента,Чем занять паллиативного пациента,,True,True,False
https://palliative.zdrav.mosreg.ru/shkola_patsienta/sozdanie_komfortnoi_sredi/vibor_garderoba_palliativnogo_bolnogo,Выбор гардероба паллиативного больного,"В процессе ухода за паллиативным пациентом не бывает мелочей. Очень тщательно нужно подходить к вопросу подбора одежды, так как нужно учитывать множество факторов, включая удобство, безопасность, функциональность и личные предпочтения пациента.",,True,True,False
https://palliative.zdrav.mosreg.ru/shkola_patsienta/sozdanie_komfortnoi_sredi/patsienti_s_palliativnim_statusom_chasto_nahodyatsya_v_tyazh,Что делать в экстренной ситуации?,"Как определить, что состояние пациента с паллиативным статусом ухудшилось",,True,True,False
https://palliative.zdrav.mosreg.ru/shkola_patsienta/sozdanie_komfortnoi_sredi,Создание комфортной среды,"Если вы ухаживаете за больным человеком, важно организовать для него безопасное и удобное пространство.",,True,True,False
https://palliative.zdrav.mosreg.ru/shkola_patsienta/oborudovanie,Оборудование,"Паллиативное оборудование для использования на дому. Полезная информация для тех, кто ухаживает за паллиативным пациентом.",,True,True,False
https://palliative.zdrav.mosreg.ru/shkola_patsienta/psihologicheskaya_podderzhka,Психологическая поддержка,"Бывает трудно понять, что сделать или сказать, чтобы утешить больного, когда имеешь дело с одним из самых сложных моментов в своей жизни. Нет единой формулы, нужной последовательности, однако есть шаги, которые вы можете предпринять.",,True,True,False
https://palliative.zdrav.mosreg.ru/shkola_patsienta,Школа паллиативного пациента,"Это не только информационные разделы по блокам ""Уход за пациентом"", ""Обезболивание"", ""Создание комфортной среды"", ""Психологическая поддержка"", ""Питание"", но и ОФФ-ЛАЙН ЗАНЯТИЯ (следите за анонсами)",,True,True,False
https://palliative.zdrav.mosreg.ru/zayavka_na_gospitalizatsiy,Заявка на госпитализацию,Специальная форма для оформления пациентам.,,True,True,False
https://palliative.zdrav.mosreg.ru/https://zdrav.mosreg.ru/widget-pharmacy-map,,,,False,False,False
https://palliative.zdrav.mosreg.ru/appeal_form,Обращение,Здесь вы можете оставить обращение по вопросам паллиативной помощи в Московской области. Заполните специальную форму для связи с медицинскими специалистами. Быстрое решение онлайн.,,True,True,False
https://palliative.zdrav.mosreg.ru/https://zdrav.mosreg.ru/map,,,,False,False,False
https://palliative.zdrav.mosreg.ru/quiz,"Тесты, опросы и голосование","Тесты, опросы и голосование. В данном разделе сервиса вы можете дать оценку качеству услуг в Подмосковье, пройти интересные тесты.",,True,True,False
https://palliative.zdrav.mosreg.ru/events,Мероприятия,"Раздел, содержащий информацию по прошедшим, текущим и будущим событиям",,True,True,False
https://palliative.zdrav.mosreg.ru/news,Новости,Новости,,True,True,False
https://palliative.zdrav.mosreg.ru/confirm/canceltutorfeedback,,,,False,False,False
https://palliative.zdrav.mosreg.ru/confirm/approvetutorfeedback,,,,False,False,False
https://palliative.zdrav.mosreg.ru/confirm/cancelspecialistbecomes,,,,False,False,False
https://palliative.zdrav.mosreg.ru/confirm/approvespecialistbecomes,,,,False,False,False
https://palliative.zdrav.mosreg.ru/confirm/cancelnewsletter,Подписка на новости отменена,Подписка на новости отменена,,True,True,False
https://palliative.zdrav.mosreg.ru/confirm/approvenewsletter,Эл. почта подтверждена,Эл. почта подтверждена,,True,True,False
https://palliative.zdrav.mosreg.ru/confirm,Подтверждение запросов,Подтверждение запросов,,True,True,False
https://palliative.zdrav.mosreg.ru/events/shkola_palliativnogo_patsienta_v_balashihe_26_iyunya,Школа паллиативного пациента в Балашихе 26 июня,"Практическое занятие на тему «Общие вопросы о питании, гигиене безопасном перемещении пациента»",,True,True,False
https://palliative.zdrav.mosreg.ru/events/shkola_palliativnogo_patsienta_v_balashihe_29_maya,Школа паллиативного пациента в Балашихе 29 мая,Практическое занятие на тему «Правила обработки пролежней и других ран»,,True,True,False
https://palliative.zdrav.mosreg.ru/events/shkola_palliativnogo_patsienta_v_volokolamske_20_maya,Школа паллиативного пациента в Волоколамске 20 мая,Практическое занятие для родных и медработников на тему «Правила обработки пролежней на разных стадиях»,,True,True,False
https://palliative.zdrav.mosreg.ru/events/shkola_palliativnogo_patsienta_v_volokolamske_24_iyunya,Школа паллиативного пациента в Волоколамске 24 июня,Практическое занятие на тему «Гигиена лежачего пациента в домашних условиях»,,True,True,False
https://palliative.zdrav.mosreg.ru/events/shkola_palliativnogo_patsienta_v_voskresenske_7_maya,Школа паллиативного пациента в Воскресенске 7 мая,"Практическое занятие по профилактике пролежней, лечению их.",,True,True,False
https://palliative.zdrav.mosreg.ru/events/shkola_palliativnogo_patsienta_v_dzerzhinske_26_iyunya,Школа паллиативного пациента в Дзержинске 26 июня,Практическое занятие на тему «Облегчение страданий и повышение качества уровня жизни пациентов»,,True,True,False
https://palliative.zdrav.mosreg.ru/events/shkola_palliativnogo_patsienta_v_dzerzhinske_29_maya,Школа паллиативного пациента в Дзержинске 29 мая,Практическое занятие на тему «Кормление лежачих пациентов. Специальные приспособления»,,True,True,False
https://palliative.zdrav.mosreg.ru/events/shkola_palliativnogo_patsienta_v_dmitrove_19_iyunya,Школа паллиативного пациента в Дмитрове 19 июня,"Практическое занятие на тему «Сестринский уход. Уход за кожей культи, наложение асептической повязки»",,True,True,False
https://palliative.zdrav.mosreg.ru/events/shkola_palliativnogo_patsienta_v_dmitrove_22_maya,Школа паллиативного пациента в Дмитрове 22 мая,Практическое занятие на тему «Обучение родственников гигиенической обработки пациентов»,,True,True,False
https://palliative.zdrav.mosreg.ru/events/shkola_palliativnogo_patsienta_v_domodedovo_17_iyunya,Школа паллиативного пациента в Домодедово 17 июня,Практическое занятие на тему «Как переодевать лежачего маломобильного пациента»,,True,True,False
https://palliative.zdrav.mosreg.ru/events/shkola_palliativnogo_patsienta_v_domodedovo_20_maya,Школа паллиативного пациента в Домодедово 20 мая,Практическое занятие на тему «Особенности женской и мужской гигиены лежачего пациента»,,True,True,False
https://palliative.zdrav.mosreg.ru/events/shkola-palliativnogo-pacienta-v-egorevske-30-maya,Школа паллиативного пациента в Егорьевске 30 мая,"Практическое занятие: профилактика пролежней, гигиена и правильное питание",,True,True,False
https://palliative.zdrav.mosreg.ru/events/shkola_palliativnogo_patsienta_v_zaraiske_17_maya,Школа паллиативного пациента в Зарайске 17 мая,"Практическое занятие на тему ""Профилактика пролежней. Гигиена. Питание""",,True,True,False
https://palliative.zdrav.mosreg.ru/events/shkola_palliativnogo_patsienta_v_ivanteevke_27_iyunya,Школа паллиативного пациента в Ивантеевке 27 июня,Практическое занятие на тему «Основы питания паллиативных пациентов. Нюансы при определенных заболеваниях»,,True,True,False
https://palliative.zdrav.mosreg.ru/events/shkola_palliativnogo_patsienta_v_ivanteevke_31_maya,Школа паллиативного пациента в Ивантеевке 31 мая,Практическое занятие на тему «Правила питания лежачих пациентов»,,True,True,False
https://palliative.zdrav.mosreg.ru/events/shkola-palliativnogo-pacienta-v-kashire-23-maya,Школа паллиативного пациента в Кашире 23 мая,Практическое занятие для ухаживающих за паллиативными пациентами,,True,True,False
https://palliative.zdrav.mosreg.ru/events/shkola_palliativnogo_patsienta_v_klinu_25_iyunya,Школа паллиативного пациента в Клину 25 июня,Практическое занятие на тему «Уход за стомированными пациентами»,,True,True,False
https://palliative.zdrav.mosreg.ru/events/shkola_palliativnogo_patsienta_v_klinu_28_maya,Школа паллиативного пациента в Клину 28 мая,"Практическое занятие на тему «Резилиенс-гимнастика, массаж у паллиативных пациентов»",,True,True,False
https://palliative.zdrav.mosreg.ru/events/shkola_palliativnogo_patsienta_v_kolomne_21_maya,Школа паллиативного пациента в Коломне 21 мая,"Практическое занятие на тему ""Профилактика пролежней, Гигиена. Питание""",,True,True,False
https://palliative.zdrav.mosreg.ru/events/shkola_palliativnogo_patsienta_v_koroleve_27_iyunya,Школа паллиативного пациента в Королеве 27 июня,Практическое занятие на тему «Дополнительные приспособления для восстановления и поддержания двигательной функции пациента»,,True,True,False
https://palliative.zdrav.mosreg.ru/events/shkola-palliativnogo-pacienta-v-koroleve-27-maya,Школа паллиативного пациента в Королеве 27 мая,Практическое занятие на тему «Какие средства гигиены использовать дома для ухода за паллиативным пациентом»,,True,True,False
https://palliative.zdrav.mosreg.ru/events/shkola_palliativnogo_patsienta_v_krasnogorske__30_maya,Школа паллиативного пациента в Красногорске  30 мая,"Занятие проведет врач паллиативной помощи и расскажет о том как определять уровень боли, особенно, если пациент это скрывает.",,True,True,False
https://palliative.zdrav.mosreg.ru/events/shkola_palliativnogo_patsienta_v_lobne_18_iyunya_,Школа паллиативного пациента в Лобне 18 июня,Практическое занятие на тему «Профилактика падений в домашних условиях и на улице»,,True,True,False
https://palliative.zdrav.mosreg.ru/events/shkola_palliativnogo_patsienta_v_lobne_21_maya,Школа паллиативного пациента в Лобне 21 мая,Практическое занятие на тему «Смена белья»,,True,True,False
https://palliative.zdrav.mosreg.ru/events/shkola_palliativnogo_patsienta_v_lotoshino_19_maya,Школа паллиативного пациента в Лотошино 19 мая,Практическое занятие: профилактика пролежней дома,,True,True,False
https://palliative.zdrav.mosreg.ru/events/shkola_palliativnogo_patsienta_v_lotoshino_23_iyunya,,,,False,False,False
https://palliative.zdrav.mosreg.ru/events/shkola_palliativnogo_patsienta_v_luhovitsah_25_iyunya,Школа паллиативного пациента в Луховицах 25 июня,Практическое занятие на тему «Уход за стомами и катетерами»,,True,True,False
https://palliative.zdrav.mosreg.ru/events/shkola_palliativnogo_patsienta_v_luhovitsah_28_maya,Школа паллиативного пациента в Луховицах 28 мая,Практическое занятие на тему «Кормление пациентов с зондами в домашних условиях»,,True,True,False
https://palliative.zdrav.mosreg.ru/events/shkola-palliativnogo-pacienta-v-lyubercah-15-maya,Школа паллиативного пациента в Люберцах 15 мая,Практическое занятие на тему «Перемещение пациента из кровати в кресло или ванну»,,True,True,False
https://palliative.zdrav.mosreg.ru/events/shkola_palliativnogo_patsienta_v_lyubertsah_19_iyunya,Школа паллиативного пациента в Люберцах 19 июня,Практическое занятие на тему «Обработка различных стадий пролежней. От простого к сложному»,,True,True,False
https://palliative.zdrav.mosreg.ru/events/shkola-palliativnogo-pacienta-v-mozhajske-15-maya,Школа паллиативного пациента в Можайске 15 мая,Практическое занятие на тему «Кормление через зонд»,,True,True,False
https://palliative.zdrav.mosreg.ru/events/shkola_palliativnogo_patsienta_v_mozhaiske_19_iyunya,Школа паллиативного пациента в Можайске 19 июня,Практическое занятие на тему «Профилактика пролежней. Что и на какой стадии использовать»,,True,True,False
https://palliative.zdrav.mosreg.ru/events/shkola_palliativnogo_patsienta_v_narofominske_6_iyunya,,,,False,False,False
https://palliative.zdrav.mosreg.ru/events/shkola-palliativnogo-pacienta-v-naro-fominske-7-maya,Школа паллиативного пациента в Наро-Фоминске 7 мая,"Практическое занятие на тему «Ежедневная гигиена глаз, носа и зубов»",,True,True,False
https://palliative.zdrav.mosreg.ru/events/shkola_palliativnogo_patsienta_v_odintsovo_3_iyunya,Школа паллиативного пациента в Одинцово 3 июня,Практическое занятие на тему «Уход и использование гастростомы»,,True,True,False
https://palliative.zdrav.mosreg.ru/events/shkola_palliativnogo_patsienta_v_odintsovo_5_maya,Школа паллиативного пациента в Одинцово 5 мая,Практическое занятие на тему «Правила ухода и использования мочеприемника»,,True,True,False
https://palliative.zdrav.mosreg.ru/events/shkola_palliativnogo_patsienta_v_pavlovopasade_26_iyunya,Школа паллиативного пациента в Павлово-Пасаде 26 июня,Практическое занятие на тему «Профилактика падений. Использование дополнительных средств»,,True,True,False
https://palliative.zdrav.mosreg.ru/events/shkola_palliativnogo_patsienta_v_pavlovopasade_29_maya,,,,False,False,False
https://palliative.zdrav.mosreg.ru/events/shkola_palliativnogo_patsienta_v_ruze_19_maya,Школа паллиативного пациента в Рузе 19 мая,Практическое занятие на тему «Позиционирование пациента в постели»,,True,True,False
https://palliative.zdrav.mosreg.ru/events/shkola_palliativnogo_patsienta_v_solnechnogorske_12_maya,Школа паллиативного пациента в Солнечногорске 12 мая,Практическое занятие на тему «Приспособления для питания лежачих пациентов»,,True,True,False
https://palliative.zdrav.mosreg.ru/events/shkola_palliativnogo_patsienta_v_solnechnogorske_9_iyunya,Школа паллиативного пациента в Солнечногорске 9 июня,"Практическое занятие на тему «Правила питания паллиативных пациентов, способы и особенности»",,True,True,False
https://palliative.zdrav.mosreg.ru/events/shkola_palliativnogo_patsienta_v_stupino_15_iyunya,Школа паллиативного пациента в Ступино 15 июня,Практическое занятие на тему «Обработка пролежней нижних конечностей»,,True,True,False
https://palliative.zdrav.mosreg.ru/events/shkola_palliativnogo_patsienta_v_stupino_15_maya,Школа паллиативного пациента в Ступино 15 мая,Практическое занятие на тему «Досуг паллиативного пациента как этап лечения»,,True,True,False
https://palliative.zdrav.mosreg.ru/events/shkola_palliativnogo_patsienta_v_stupino_25_maya,Школа паллиативного пациента в Ступино 25 мая,"Практическое занятие на тему «Гигиена, какие средства можно использовать и какие категорически нет»",,True,True,False
https://palliative.zdrav.mosreg.ru/events/shkola_palliativnogo_patsienta_v_stupino_27_iyunya,Школа паллиативного пациента в Ступино 27 июня,Практическое занятие на тему «Профилактика падения у маломобильных пациентов»,,True,True,False
https://palliative.zdrav.mosreg.ru/events/shkola-palliativnogo-pacienta-v-himkah-8-maya,Школа паллиативного пациента в Химках 8 мая,"Семинар-практикум: предупреждение пролежней, уход и здоровое питание",,True,True,False
https://palliative.zdrav.mosreg.ru/news/voprosi_podderzhki_pozhilih_lyudei_i_invalidov_obsudili_v_po,Форум по поддержке пожилых и инвалидов в Подмосковье,25 февраля в центре «Орехово-Зуевский» обсудили развитие долговременного ухода и паллиативной помощи. Участие Минздрава МО и фонда «Старость в радость». Консультация по номеру +7 (498) 683-83-83.,"поддержка пожилых людей, помощь инвалидам, паллиативная помощь Московская область, система долговременного ухода, надомное обслуживание, реабилитация после травм",True,True,True
https://palliative.zdrav.mosreg.ru/news/chto_nuzhno_znat_o_spinalnoi_mishechnoi_atrofii,Что нужно знать о спинальной мышечной атрофии?,"Что такое спинальная мышечная атрофия? Описание генетического заболевания, типы СМА (1, 2, 3, 4), основные симптомы (слабость мышц, отсутствие рефлексов, поза «лягушки»). Диагностика и скрининг у новорожденных.","спинальная мышечная атрофия, СМА, СМА симптомы, СМА типы, генетическое заболевание, болезнь СМА, атрофия мышц, неонатальный скрининг, скрининг новорожденных, диагностика СМА",True,True,True
https://palliative.zdrav.mosreg.ru/news/zud_kozhi_u_palliativnih_patsientov_glavnie_prichini_i_kak_i,Зуд у паллиативных пациентов: причины и лечение,Разбираем причины кожного зуда у паллиативных пациентов: от лекарств и болезней до ухода. Как найти причину и облегчить состояние. Читайте в статье.,"паллиативная помощь, кожный зуд причины, зуд у лежачих больных, зуд от опиоидов, сухость кожи, уход за тяжелобольным, почечный зуд, зуд при онкологии, противозудная терапия",True,True,True
https://palliative.zdrav.mosreg.ru/news/palliativnaya_stomatologiya_neobhodimost_spetsializirovannoi,Паллиативная стоматология: помощь детям с тяжелыми заболеваниями,"Зачем нужна паллиативная стоматология детям? Как она повышает качество жизни, снижает боль и риск инфекций. Особенности индивидуального подхода.",,True,True,False
https://palliative.zdrav.mosreg.ru/news/zabota_o_kozhe_tyazhelobolnih_profilaktika_i_lechenie_proble,Уход за кожей лежачего больного: профилактика пролежней,"Полное руководство по уходу: как правильно мыть, увлажнять кожу и предотвратить пролежни у лежачих больных. Принципы, техника, средства.",,True,True,False
https://palliative.zdrav.mosreg.ru/news/profilaktika_prolezhnei_rukovodstvo_dlya_uhoda_za_lezhachimi,Профилактика пролежней у лежачих больных: правила ухода дома,"Как предотвратить пролежни у лежачих больных. Правила смены положения, использование матрасов и подушек. Консультация специалиста паллиативной помощи.",,True,True,False
https://palliative.zdrav.mosreg.ru/news/kak_spravlyatsya_s_povishennoi_utomlyaemostyu_patsientov,Хроническая усталость при онкологии: лечение и рекомендации,"Повышенная утомляемость у пациентов с онкологией: симптомы и комплексное лечение. Физическая активность, режим дня, питание и психологическая поддержка.",,True,True,False
https://palliative.zdrav.mosreg.ru/news/vsemirnii_den_palliativnoi_i_hospisnoi_pomoschi_teplo_dushi_,Всемирный день паллиативной помощи 2025,"Поздравление с Всемирным днём паллиативной и хосписной помощи. Благодарность врачам и медсёстрам за их важную работу, теплое слово и поддержку пациентов.",,True,True,False
https://palliative.zdrav.mosreg.ru/news/organizatsiya_uhoda_za_tyazhelobolnim_patsientom_esli_vam_nu,Временный уход за тяжелобольным: пошаговая инструкция для родственников,Подробная инструкция: как организовать временный уход за тяжелобольным. 6 шагов для вашего спокойствия - от поиска сиделки до связи с врачами.,,True,True,False
https://palliative.zdrav.mosreg.ru/news/priglashaem_v_shkolu_palliativnogo_patsienta,Школа паллиативного пациента в Московской области,"Бесплатно научим правильному уходу за тяжелобольными. Занятия в отделениях паллиативной помощи по всему Подмосковью. Психологическая поддержка, медицинские навыки, уход на дому.",,True,True,False
https://palliative.zdrav.mosreg.ru/news/spetsialist_rasskazala_pochemu_vazhno_obraschatsya_za_pallia,"Паллиативная помощь: цели, задачи и как получить поддержку","Узнайте, когда нужна паллиативная помощь, что она включает и куда обращаться. Контакты горячей линии и портала для пациентов с тяжелыми заболеваниями в Москве и области.",,True,True,False
https://palliative.zdrav.mosreg.ru/news/palliativnaya_pomosch_detyam_moskovskoi_oblasti_,,,,False,False,False
https://palliative.zdrav.mosreg.ru/news/kogda_bol_stanovitsya_krikom_tela_kak_palliativnaya_pomosch_,Обезболивание в паллиативной помощи: как снять боль и улучшить качество жизни па,"Как правильно подобрать обезболивающее для паллиативного пациента? Какие средства эффективны и безопасны? Узнайте, как современные медикаменты помогают избавиться от боли и улучшить самочувствие. паллиативная помощь. обезболивание. болевой синдром. паллиа",,True,True,False
https://palliative.zdrav.mosreg.ru/news/koordinatsionnii_tsentr_palliativnoi_pomoschi_moskovskoi_obl_2.0.,Горячая линия паллиативной помощи Подмосковья: круглосуточная поддержка для тяже,"Координационный центр паллиативной помощи Московской области уже три года оказывает всестороннюю поддержку пациентам и их родным. Телефон горячей линии доступен круглосуточно: +7 (498) 683-83-83. Узнайте, как получить консультацию и помощь.",,True,True,False
https://palliative.zdrav.mosreg.ru/news/palliativnaya_sluzhba_podmoskovya_otmetila_trehletnii_yubile,Три года успешной работы: Координационный центр паллиативной помощи Подмосковья,"Координационный центр паллиативной помощи Московской области отмечает юбилей — три года активного содействия нуждающимся. Узнайте, как специалисты центра поддерживают тысячи жителей региона, оказывают помощь на дому и обучают ухаживающим за больными. Диаг",,True,True,False
https://palliative.zdrav.mosreg.ru/news/palliativnaya_pomosch_podmoskovya_bolshe_55_tisyachi_obrasch,Горячая линия паллиативной помощи Московской области: результаты работы и доступ,"Позвоните на горячую линию паллиативной помощи (+7 (498) 683-83-83) и получите необходимую поддержку и консультации. Узнайте о школе паллиативной помощи, выездах патронажных бригад и специализированных отделениях. Диагноз. Инвалид. Пожилые. Московская обл",,True,True,False
https://palliative.zdrav.mosreg.ru/news/besplatnoe_obuchenie_uhodu_za_palliativnimi_patsientami_v_po,,,,False,False,False
https://palliative.zdrav.mosreg.ru/news/zachem_nuzhen_koordinatsionnii_tsentr_palliativnoi_pomoschi,Как получить паллиативную помощь в Подмосковье: горячая линия и координационный,"Жители Подмосковья могут воспользоваться услугами Координационного центра паллиативной медицинской помощи, который обеспечивает оперативную связь и помощь пациентам с тяжёлыми заболеваниями и их семьям. Горячая линия работает круглосуточно.",,True,True,False
https://palliative.zdrav.mosreg.ru/news/novoe_posobie_nauchit_pravilno_uhazhivat_za_zubami_palliativ,,,,False,False,False
https://palliative.zdrav.mosreg.ru/news/konferentsiya_po_palliativnoi_meditsine_v_podmoskove_novie_v,,Диагноз. Боль это. нвпс. Паллиативная помощь. Как ухаживать.,,False,True,False
https://palliative.zdrav.mosreg.ru/news/novaya_broshyura_o_zhizni_palliativnih_patsientov_doma__pole,,,,False,False,False
https://palliative.zdrav.mosreg.ru/news/novaya_forma_obrascheniya_dostupna_dlya_roditelei_palliativn,,,,False,False,False
https://palliative.zdrav.mosreg.ru/news/eschyo_odna_shkola_palliativnogo_patsienta_otkrilas_v_podmos,,,,False,False,False
https://palliative.zdrav.mosreg.ru/news/bolee_250_chelovek_proshli_obuchenie_v_shkolah_palliativnogo,,,,False,False,False
https://palliative.zdrav.mosreg.ru/news/pochemu_vazhno_sledit_za_zdorovem_zubov_u_palliativnih_patsi,,Как ухаживать. Справочник. Результаты анализов. Спроси врача. Уход за больными. Запись к врачу онлайн.,,False,True,False
https://palliative.zdrav.mosreg.ru/news/pochemu_polozhitelnie_emotsii_vazhni_dlya_palliativnogo_pats,,Диагноз. Боль это. нвпс. Хоспис. Паллиативная помощь. Консультация психолога Первичная медико санитарная помощь.,,False,True,False
https://palliative.zdrav.mosreg.ru/news/posobie_po_uhodu_za_palliativnimi_patsientami_gid_dlya_rodst,,,,False,False,False
https://palliative.zdrav.mosreg.ru/news/palliativnii_spetsialist_rasskazal_o_vazhnosti_psihologiches,,,,False,False,False
https://palliative.zdrav.mosreg.ru/news/37ya_shkola_palliativnogo_patsienta_otkrilas_v_podmoskove,,,,False,False,False
https://palliative.zdrav.mosreg.ru/news/palliativnaya_nauchnoprakticheskaya_konferentsiya_o_hobl_sos,,,,False,False,False
https://palliative.zdrav.mosreg.ru/news/palliativnii_status_chto_nuzhno_znat,,,,False,False,False
https://palliative.zdrav.mosreg.ru/news/palliativnim_patsientam_okazivayut_pomosch_v_himkinskoi_klin,,,,False,False,False
https://palliative.zdrav.mosreg.ru/news/etapi_polucheniya_palliativnoi_pomoschi_v_podmoskove,,,,False,False,False
https://palliative.zdrav.mosreg.ru/news/kruglosutochnaya_goryachaya_liniya_palliativnoi_pomoschi_v_p,,,,False,False,False
https://palliative.zdrav.mosreg.ru/news/palliativnaya_meditsinskaya_pomosch_ne_tolko_dlya_onkobolnih,,,,False,False,False
https://palliative.zdrav.mosreg.ru/news/mifi_o_palliativnoi_pomoschi_spetsialisti_podmoskovya_obyasn,,,,False,False,False
https://palliative.zdrav.mosreg.ru/news/duhovnaya_podderzhka_kak_neotemlemaya_sostavlyayuschaya_pall,,,,False,False,False
https://palliative.zdrav.mosreg.ru/news/novogodnee_chudo_na_ldu_rebyata_kolomenskogo_detskogo_hospis,,,,False,False,False
https://palliative.zdrav.mosreg.ru/news/razbiraemsya_kak_obespechit_svezhii_vozduh_i_komfort_dlya_ma,,,,False,False,False
https://palliative.zdrav.mosreg.ru/news/kak_organizovat_prazdnik_dlya_palliativnih_patsientov_,,,,False,False,False
https://palliative.zdrav.mosreg.ru/news/koordinatsionnii_tsentr_palliativnoi_pomoschi_moskovskoi_obl,,,,False,False,False
https://palliative.zdrav.mosreg.ru/news/palliativnaya_pomosch_v_podmoskove_kak_pomogayut_neizlechimo,,,,False,False,False
https://palliative.zdrav.mosreg.ru/news/kabinet_palliativnoi_pomoschi_novie_vozmozhnosti_dlya_patsie,,,,False,False,False
https://palliative.zdrav.mosreg.ru/news/palliativnaya_pomosch_vazhnost_multidistsiplinarnogo_podhoda,,,,False,False,False
https://palliative.zdrav.mosreg.ru/news/palliativnaya_pomosch_vichinfitsirovannim_kogda_vazhno_podde,,,,False,False,False
https://palliative.zdrav.mosreg.ru/news/syostri_miloserdiya_v_egorevske_podelilis_opitom_uhoda_za_pa,,,,False,False,False
https://palliative.zdrav.mosreg.ru/news/palliativnaya_pomosch_podderzhivaet_zhiznennuyu_energiyu_pat,,,,False,False,False
https://palliative.zdrav.mosreg.ru/news/nikotinovaya_zavisimost_ili_kak_kurenie_mozhet_privesti_k_pa,,,,False,False,False
https://palliative.zdrav.mosreg.ru/news/den_volontyorov_prazdnik_teh_kto_darit_teplo_dushi,,,,False,False,False
https://palliative.zdrav.mosreg.ru/news/sledyaschim_za_palliativnimi_patsientami_napomnili_o_vazhnih,,,,False,False,False
https://palliative.zdrav.mosreg.ru/news/rukovoditel_tsentra_palliativnoi_pomoschi_rasskazala_o_neizl,,,,False,False,False
https://palliative.zdrav.mosreg.ru/news/psihologicheskaya_podderzhka_pri_uhode_za_palliativnim_patsi,,,,False,False,False
https://palliative.zdrav.mosreg.ru/news/spetsialisti_koordinatsionnogo_palliativnogo_tsentra_rasskaz,,,,False,False,False
https://palliative.zdrav.mosreg.ru/news/v_podmoskovnom_koordinatsionnom_tsentre_palliativnoi_pomosch,,,,False,False,False
https://palliative.zdrav.mosreg.ru/news/shkola_palliativnogo_patsienta_v_himkah_priglashaet_na_zanya,,,,False,False,False
https://palliative.zdrav.mosreg.ru/news/proshel_tretii_etap_otkritiya_shkoli_palliativnogo_patsienta,,,,False,False,False
https://palliative.zdrav.mosreg.ru/news/alternativa_zooterapii_dlya_palliativnih_detei,,,,False,False,False
https://palliative.zdrav.mosreg.ru/news/interaktivnoe_meropriyatie_proshlo_dlya_detei_detskogo_hospi,,,,False,False,False
https://palliative.zdrav.mosreg.ru/news/detskii_kolomenskii_hospis_ne_tolko_lechit_no_i_pomogaet_det,,,,False,False,False
https://palliative.zdrav.mosreg.ru/news/detskii_kolomenskii_hospis_tvorit_chudesa_rasskazala_mama_pa,,,,False,False,False
https://palliative.zdrav.mosreg.ru/news/30-avgusta-zanyatie-v-solnechnogorskoj-shkole-palliativnogo-pacienta,,,,False,False,False
https://palliative.zdrav.mosreg.ru/news/bolee_5_tisyach_zvonkov_postupilo_na_goryachuyu_liniyu_po_pa,,,,False,False,False
https://palliative.zdrav.mosreg.ru/news/kontsert_v_palliativnom_otdelenii_solnechnogorskoi_bolnitse,,,,False,False,False
https://palliative.zdrav.mosreg.ru/news/otkritie_shkoli_palliativnogo_patsienta_v_krasnogorske_,,,,False,False,False
https://palliative.zdrav.mosreg.ru/news/otkritie_shkoli_palliativnogo_patsienta_v_himkah,,,,False,False,False
https://palliative.zdrav.mosreg.ru/news/patsienti_podmoskovya_s_neizlechimimi_zabolevaniyami_mogut_p,,,,False,False,False
https://palliative.zdrav.mosreg.ru/news/v_podmoskove_zarabotal_novii_tsifrovoi_medservis,,,,False,False,False
https://palliative.zdrav.mosreg.ru/news/zavershenie_blagotvoritelnoi_aktsii_teplo_detyam,,,,False,False,False
https://palliative.zdrav.mosreg.ru/news/izmeneniya_v_sfere_podderzhki_lyudei_s_invalidnostyu_v_2024_,,,,False,False,False
https://palliative.zdrav.mosreg.ru/news/kogda_vse_doma_novii_god_s_tyazhelobolnim_rodstvennikom,,,,False,False,False
https://palliative.zdrav.mosreg.ru/news/_v_moskovskii_oblastnoi_hospis_dlya_detei_proshlo_obuchenie_,,,,False,False,False
https://palliative.zdrav.mosreg.ru/news/11_dekabrya__den_borbi_s_bronhialnoi_astmoi,,,,False,False,False
https://palliative.zdrav.mosreg.ru/news/v_gauz_mo_mohd_bila_provedena_nauchnoprakticheskaya_konferen,,,,False,False,False
https://palliative.zdrav.mosreg.ru/news/podopechnie_gauz_mo_mohd_i_ih_roditeli_posetili_muzei_kosmon,,,,False,False,False
https://palliative.zdrav.mosreg.ru/news/21_noyabrya__evropeiskii_den_mukovistsidoza,,,,False,False,False
https://palliative.zdrav.mosreg.ru/news/masterklass_v_detskom_hospise_ot_volonter_shilovoi_margariti,,,,False,False,False
https://palliative.zdrav.mosreg.ru/news/podopechnie_mohd_na_obzornoi_ekskursii_i_okeanariume,,,,False,False,False
https://palliative.zdrav.mosreg.ru/news/15_noyabrya__vsemirnii_den_borbi_protiv_hronicheskoi_obstruk,,,,False,False,False
https://palliative.zdrav.mosreg.ru/news/14_noyabrya__vsemirnii_den_borbi_s_diabetom,,,,False,False,False
https://palliative.zdrav.mosreg.ru/news/13_noyabrya__mezhdunarodnii_den_slepih,,,,False,False,False
https://palliative.zdrav.mosreg.ru/news/professionalnaya_fotosessiya_v_mohd,,,,False,False,False
https://palliative.zdrav.mosreg.ru/news/obzornaya_ekskursiya_po_kolomenskomu_kremlyu_dlya_podopechni,,,,False,False,False
https://palliative.zdrav.mosreg.ru/news/_podopechnie_moskovskogo_oblastnogo_hospisa_dlya_detei_i_ih_,,,,False,False,False
https://palliative.zdrav.mosreg.ru/news/prinimali_pozdravleniya_s_dnem_rozhdeniya__v_mohd,,,,False,False,False
https://palliative.zdrav.mosreg.ru/news/v_gostyah_v_statsionarnom_otdelenii_mohd_pobivali__volonteri,,,,False,False,False
https://palliative.zdrav.mosreg.ru/news/1920_oktyabrya_2023_goda_v_sechenovskom_universitete_sostoya,,,,False,False,False
https://palliative.zdrav.mosreg.ru/news/sotsialnoe_obsluzhivanie,,,,False,False,False
https://palliative.zdrav.mosreg.ru/news/vsemirnyj-den-travmy,,,,False,False,False
https://palliative.zdrav.mosreg.ru/news/vsemirnii_den_hospisnoi_i_palliativnoi_pomoschi,,,,False,False,False
https://palliative.zdrav.mosreg.ru/news/segodnya_13_oktyabrya_vsemirnii_den_borbi_s_trombozom,,,,False,False,False
https://palliative.zdrav.mosreg.ru/news/podopechnie_mohd_progulyalis_po_sledam_lyubimogo_avtora,,,,False,False,False
https://palliative.zdrav.mosreg.ru/news/korrektsiya_razlichnih_narushenii_v_razvitii_detei,,,,False,False,False
https://palliative.zdrav.mosreg.ru/news/11_oktyabrya_vsemirnii_den_borbi_protiv_boli,,,,False,False,False
https://palliative.zdrav.mosreg.ru/news/stazhirovka_vracheipediatrov_iz_detskih_poliklinik_v_mohd,,,,False,False,False
https://palliative.zdrav.mosreg.ru/news/10_oktyabrya_otmechaetsya_vsemirnii_den_inklyuzivnosti,,,,False,False,False
https://palliative.zdrav.mosreg.ru/news/vsemirnii_den_stomirovannogo_patsienta_,,,,False,False,False
https://palliative.zdrav.mosreg.ru/news/vsemirnii_den_meningita_otmechaetsya_ezhegodno_5_oktyabrya,,,,False,False,False
https://palliative.zdrav.mosreg.ru/news/segodnya_otmechaetsya_mezhdunarodnii_den_detskogo_tserebraln,,,,False,False,False
https://palliative.zdrav.mosreg.ru/news/kogda_detyam_neobhodima_palliativnaya_pomosch,,,,False,False,False
https://palliative.zdrav.mosreg.ru/news/administratsiya_gauz_mo_moskovskii_oblastnoi_hospis_dlya_det,,,,False,False,False
https://palliative.zdrav.mosreg.ru/news/pervii_v_moskovskoi_oblasti_forum_glavnih_meditsinskih_seste,,,,False,False,False
https://palliative.zdrav.mosreg.ru/news/konferentsiya_palliativnaya_pomosch_v_nevrologii_fokus_na_ba,,,,False,False,False
https://palliative.zdrav.mosreg.ru/news/druzheskii_vizit_v_mohd_valeriya_lyubimova_s_volonterami,,,,False,False,False
https://palliative.zdrav.mosreg.ru/news/kanisterapiya_v_mohd,,,,False,False,False
https://palliative.zdrav.mosreg.ru/news/segodnya_startovala_nedelya_zdorovogo_stareniya_posvyaschyon,,,,False,False,False
https://palliative.zdrav.mosreg.ru/news/16_sentyabrya__den_osvedomlyonnosti_o_sindrome_ushera,,,,False,False,False
https://palliative.zdrav.mosreg.ru/news/15_sentyabrya__mezhdunarodnii_den_osvedomlennosti_o_miotonic,,,,False,False,False
https://palliative.zdrav.mosreg.ru/news/sezd_fiziologov_ministr_zdravoohraneniya_rossii_,,,,False,False,False
https://palliative.zdrav.mosreg.ru/news/7_sentyabrya__mezhdunarodnii_den_rasprostraneniya_informatsi,,,,False,False,False
https://palliative.zdrav.mosreg.ru/news/vsemirnii_den_travmi_spinnogo_mozga,,,,False,False,False
https://palliative.zdrav.mosreg.ru/news/rabota_otdeleniya_viezdnoi_patronazhnoi_sluzhbi_palliativnoi,,,,False,False,False
https://palliative.zdrav.mosreg.ru/news/29_avgusta_v_g_domodedovo_v_gosudarstvennom_oblastnom_hospis,,,,False,False,False
https://palliative.zdrav.mosreg.ru/news/segodnya_29_avgusta_pervii_v_moskovskoi_oblasti_gosudarstven,,,,False,False,False
https://palliative.zdrav.mosreg.ru/news/regulyarnie_viziti_vrachei_i_sotrudnikov_srednego_meditsinsk,,,,False,False,False
https://palliative.zdrav.mosreg.ru/news/turnir_s_legendami_futbola,,,,False,False,False
https://palliative.zdrav.mosreg.ru/news/10_avgusta_podopechnie_moskovskogo_oblastnogo_hospisa_dlya_d,,,,False,False,False
https://palliative.zdrav.mosreg.ru/news/16_avgusta_proshla_vstrecha_s_sotsrabotnikami,,,,False,False,False
https://palliative.zdrav.mosreg.ru/news/13_avgusta_v_gorodskom_parke_yolochki_proshyol_turnir_kubka_,,,,False,False,False
https://palliative.zdrav.mosreg.ru/news/moskovskii_oblastnoi_hospis_dlya_detei_nachal_svoe_sotrudnic,,,,False,False,False
https://palliative.zdrav.mosreg.ru/news/klinskaya_bolnitsa_otprazdnovala_4_avgusta_190_let_,,,,False,False,False
https://palliative.zdrav.mosreg.ru/news/spetsialisti_gauz_mo_mohd_proveli_obuchenie_dlya_pediatrov_v,,,,False,False,False
https://palliative.zdrav.mosreg.ru/news/_blagotvoriteli_gauz_mo_moskovskii_oblastnoi_hospis_dlya_det,,,,False,False,False
https://palliative.zdrav.mosreg.ru/news/podopechnie_moskovskogo_oblastnogo_hospisa_dlya_detei_i_ih_s,,,,False,False,False
https://palliative.zdrav.mosreg.ru/news/segodnya_1_avgusta_koordinatsionnii_tsentr_palliativnoi_pomo,,,,False,False,False
https://palliative.zdrav.mosreg.ru/news/podopechnie_gauz_mo_mohd_i_ih_semi_posetili_samii_bolshoi_et,,,,False,False,False
https://palliative.zdrav.mosreg.ru/news/rabochie_onlain_vstrechi_gauz_mo_mohd_i_gbuz_mo_balashihinsk,,,,False,False,False
https://palliative.zdrav.mosreg.ru/news/den_pamyati_detei_zhertv_donbassa,,,,False,False,False
https://palliative.zdrav.mosreg.ru/news/volonteri_v_mohd,,,,False,False,False
https://palliative.zdrav.mosreg.ru/news/den_krasoti_v_mohd,,,,False,False,False
https://palliative.zdrav.mosreg.ru/news/ostav_svoi_otziv_na_yandeks_kartah,,,,False,False,False
https://palliative.zdrav.mosreg.ru/news/rabota_po_peredache_meditsinskih_izdelii_detyam_prodolzhaets,,,,False,False,False
https://palliative.zdrav.mosreg.ru/news/v_mohd_proshlo_torzhestvennoe_meropriyatie_priurochennoe_k_d,,,,False,False,False
https://palliative.zdrav.mosreg.ru/news/palliativnomu_bolnomu_iz_derevni_dostavili_neobhodimoe_oboru,,,,False,False,False
https://palliative.zdrav.mosreg.ru/news/29_iyunya__vsemirnii_den_sklerodermii,,,,False,False,False
https://palliative.zdrav.mosreg.ru/news/29_iyunya_sostoitsya_trening_kognitivnii_trening_chem_mozhno,,,,False,False,False
https://palliative.zdrav.mosreg.ru/news/23_iyunya_2023_goda_sostoyalas_mezhregionalnaya_nauchnoprakt,,,,False,False,False
https://palliative.zdrav.mosreg.ru/news/v_poslednyuyu_subbotu_iyunya_otmechaetsya_vsemirnii_den_osve,,,,False,False,False
https://palliative.zdrav.mosreg.ru/news/23_iyunya__den_osvedomlyonnosti_o_sindrome_drave,,,,False,False,False
https://palliative.zdrav.mosreg.ru/news/dlya-podopechnyh-mohd-proveli-spektakl-po-motivam-skazki-princessa-krapinka,,,,False,False,False
https://palliative.zdrav.mosreg.ru/news/20_iyunya_otmechaetsya_mezhdunarodnii_den_osvedomlennosti_o_,,,,False,False,False
https://palliative.zdrav.mosreg.ru/news/pozdravlyaem_s_dnyom_meditsinskogo_rabotnika,,,,False,False,False
https://palliative.zdrav.mosreg.ru/news/15_iyunya_otmechaetsya_vsemirnii_den_protiv_zhestokogo_obras,,,,False,False,False
https://palliative.zdrav.mosreg.ru/news/za_pervii_god_raboti_na_goryachuyu_liniyu_po_palliativnoi_po,,,,False,False,False
https://palliative.zdrav.mosreg.ru/news/moskovskii_zoopark_otkril_svoi_dveri_dlya_podopechnih_mohd,,,,False,False,False
https://palliative.zdrav.mosreg.ru/news/29_maya__den_zdorovogo_pischevareniya,,,,False,False,False
https://palliative.zdrav.mosreg.ru/news/chto_takoe_sindrom_diabeticheskoi_stopi,,,,False,False,False
https://palliative.zdrav.mosreg.ru/news/nedelya_profilaktiki_endokrinnih_zabolevanii,,,,False,False,False
https://palliative.zdrav.mosreg.ru/news/proshla_shkola_palliativnogo_patsienta_po_teme_kak_vzaimodei,,,,False,False,False
https://palliative.zdrav.mosreg.ru/news/otmechaetsya_vsemirnii_den_osvedomlyonnosti_o_shizofrenii,,,,False,False,False
https://palliative.zdrav.mosreg.ru/news/24_maya_proidet_vstrecha_v_ramkah__shkoli_palliativnogo_pats,,,,False,False,False
https://palliative.zdrav.mosreg.ru/news/vsemirnii_den_nespetsificheskii_yazvennii_kolit_i_bolezn_kro,,,,False,False,False
https://palliative.zdrav.mosreg.ru/news/22_maya__den_diagnostiki_melanomi,,,,False,False,False
https://palliative.zdrav.mosreg.ru/news/viktor_zorza__chelovek_okazavshii_vliyanie_na_razvitie_palli,,,,False,False,False
https://palliative.zdrav.mosreg.ru/news/evgenii_korobskih_istoriya_o_tom_kak_chelovek_lishivshis_ruk,,,,False,False,False
https://palliative.zdrav.mosreg.ru/news/segodnya_otmechaetsya_vsemirnii_den_osvedomlennosti_o_neirof,,,,False,False,False
https://palliative.zdrav.mosreg.ru/news/17_maya__vsemirnii_den_borbi_s_arterialnoi_gipertoniei,,,,False,False,False
https://palliative.zdrav.mosreg.ru/news/16_maya_ezhegodno_provoditsya_mezhdunarodnii_den_osvedomlyon,,,,False,False,False
https://palliative.zdrav.mosreg.ru/news/podopechnie_mohd_posetili_voennopatrioticheskii_park_kulturi,,,,False,False,False
https://palliative.zdrav.mosreg.ru/news/15_maya_vo_vsem_mire_otmechaetsya_den_osvedomlennosti_o_tube,,,,False,False,False
https://palliative.zdrav.mosreg.ru/news/10_maya_sostoyalas_vstrecha_s_sotsialnimi_rabotnikami_v_ramk,,,,False,False,False
https://palliative.zdrav.mosreg.ru/news/provedenie_gigien_procedur,,,,False,False,False
https://palliative.zdrav.mosreg.ru/news/chastie_prostudi_i_gripp_mogut_uvelichit_risk_razvitiya_deme,,,,False,False,False
https://palliative.zdrav.mosreg.ru/news/ispolzovanie_sluhovogo_apparata_predotvraschaet_razvitie_dem,,,,False,False,False
https://palliative.zdrav.mosreg.ru/news/vishla_statya_vzyat_pod_krilo_kak_ponyat_chto_pozhilim_rodit,,,,False,False,False
https://palliative.zdrav.mosreg.ru/news/sostoyalas_vstrecha_v_ramkah_shkoli_palliativnogo_patsienta,,,,False,False,False
https://palliative.zdrav.mosreg.ru/news/segodnya_otmechaetsya_natsionalnii_den_donora_krovi,,,,False,False,False
https://palliative.zdrav.mosreg.ru/news/proidet_meditsinskii_forum_posvyaschennii_okazaniyu_palliati,,,,False,False,False
https://palliative.zdrav.mosreg.ru/news/v_etot_den_rodilsya_izvestnii_vrach_anatolii_aleksandrovich_,,,,False,False,False
https://palliative.zdrav.mosreg.ru/news/istoriya_spaseniya_vracham_gbuz_mo_niki_detstva_mz_mo_udalos,,,,False,False,False
https://palliative.zdrav.mosreg.ru/news/19_aprelya_proidet_ocherednaya_vstrecha_v_ramkah_shkoli_pall,,,,False,False,False
https://palliative.zdrav.mosreg.ru/news/segodnya_vsemirnii_den_gemofilii,,,,False,False,False
https://palliative.zdrav.mosreg.ru/news/21_aprelya_sostoitsya_vebinar_po_okazaniyu_palliativnoi_pomo,,,,False,False,False
https://palliative.zdrav.mosreg.ru/news/obscherossiiskaya_konferentsiya_po_pediatrii_proshla_v_moskv,,,,False,False,False
https://palliative.zdrav.mosreg.ru/news/20_aprelya_v_kazani_proidet_nauchnoprakticheskaya_konferents,,,,False,False,False
https://palliative.zdrav.mosreg.ru/news/13_aprelya__mezhdunarodnii_den_funktsionalnogo_nevrologiches,,,,False,False,False
https://palliative.zdrav.mosreg.ru/news/19_aprelya_v_mohd_proidet_nauchnoprakticheskaya_konferentsiy,,,,False,False,False
https://palliative.zdrav.mosreg.ru/news/vyshel-pervyj-nomer-zhurnala-palliativnaya-medicina-i-reabilitaciya,,,,False,False,False
https://palliative.zdrav.mosreg.ru/news/11_aprelya_otmechaetsya_vsemirnii_den_borbi_s_boleznyu_parki,,,,False,False,False
https://palliative.zdrav.mosreg.ru/news/13_aprelya_sostoitsya_ocherednaya_vstrecha_proekta_davaite_p,,,,False,False,False
https://palliative.zdrav.mosreg.ru/news/u_lyudei_s_bessimptomnim_aterosklerozom_koronarnih_arterii_v,,,,False,False,False
https://palliative.zdrav.mosreg.ru/news/v_programmu_dispanserizatsii_predlozhili_vklyuchit_testi_na_,,,,False,False,False
https://palliative.zdrav.mosreg.ru/news/v_perechen_zabolevanii_kruga_dobra_vklyucheno_novoe_zaboleva,,,,False,False,False
https://palliative.zdrav.mosreg.ru/news/segodnya_otmechaetsya_vsemirnii_den_zdorovya,,,,False,False,False
https://palliative.zdrav.mosreg.ru/news/holod_polezen_dlya_stareniya,,,,False,False,False
https://palliative.zdrav.mosreg.ru/news/7_aprelya__den_dermatovenerologa,,,,False,False,False
https://palliative.zdrav.mosreg.ru/news/6_aprelya_rodilsya_nikolai_vasilevich_sklifosovskii,,,,False,False,False
https://palliative.zdrav.mosreg.ru/news/za_2023_godi_podmoskovnie_vrachi_spasli_bolee_180_novorozhde,,,,False,False,False
https://palliative.zdrav.mosreg.ru/news/5_aprelya_otmechayut_den_neonatologa,,,,False,False,False
https://palliative.zdrav.mosreg.ru/news/podopechnie_mohd_posetili_gosudarstvennii_muzei_vostoka,,,,False,False,False
https://palliative.zdrav.mosreg.ru/news/2_aprelya_den_rozhdeniya_hirurga_renata_akchurina,,,,False,False,False
https://palliative.zdrav.mosreg.ru/news/segodnya_otmechaetsya_vsemirnii_den_rasprostraneniya_informa,,,,False,False,False
https://palliative.zdrav.mosreg.ru/news/zaregistrirovan_pervii_rossiiskii_preparat_dlya_terapii_rass,,,,False,False,False
https://palliative.zdrav.mosreg.ru/news/6_aprelya_sostoitsya_nauchno_prakticheskaya_konferentsiya_po,,,,False,False,False
https://palliative.zdrav.mosreg.ru/news/fizicheskaya_aktivnost_prodlevaet_zhizn_lyudei_s_neoptimalno,,,,False,False,False
https://palliative.zdrav.mosreg.ru/news/29_marta_sostoyalas_vstrecha_s_sotsialnimi_rabotnikami_v_ram,,,,False,False,False
https://palliative.zdrav.mosreg.ru/news/podmoskovnie_bolnitsi_poluchili_novie_apparati_ivl,,,,False,False,False
https://palliative.zdrav.mosreg.ru/news/otkrilas_registratsiya_na_mezhdunarodnuyu_konferentsiyu_po_b,,,,False,False,False
https://palliative.zdrav.mosreg.ru/news/moskovskii_oblastnoi_hospis_dlya_detei_posetila_ministr_sots,,,,False,False,False
https://palliative.zdrav.mosreg.ru/news/vstrecha-posvyashennaya-profilaktike-prolezhnej-projdet-29-marta,,,,False,False,False
https://palliative.zdrav.mosreg.ru/news/segodnya_otmechaetsya_fioletovii_den,,,,False,False,False
https://palliative.zdrav.mosreg.ru/news/4_aprelya_sostoitsya_vebinar_uhod_za_patsientami_s_dementsie,,,,False,False,False
https://palliative.zdrav.mosreg.ru/news/24_marta_otmechaetsya_vsemirnii_den_borbi_s_tuberkulezom,,,,False,False,False
https://palliative.zdrav.mosreg.ru/news/v_semenovskom_universitete_sostoyalsya_razbor_klinicheskogo_,,,,False,False,False
https://palliative.zdrav.mosreg.ru/news/24_marta_proidet_vebinar_printsipi_lecheniya_prolezhnei_u_bo,,,,False,False,False
https://palliative.zdrav.mosreg.ru/news/opublikovano_natsionalnoe_rukovodstvo_po_palliativnoi_medits,,,,False,False,False
https://palliative.zdrav.mosreg.ru/news/25_marta_proidet_nauchno_prakticheskaya_konferentsiya_moskov,,,,False,False,False
https://palliative.zdrav.mosreg.ru/news/21_marta__vsemirnii_den_lyudei_s_sindromom_dauna,,,,False,False,False
https://palliative.zdrav.mosreg.ru/news/rossiiskie_uchenie_sovershili_proriv_v_lechenii_bolezni_alts,,,,False,False,False
https://palliative.zdrav.mosreg.ru/news/na_baze_moskovskogo_oblastnogo_hospisa_dlya_detei_sostoyalos,,,,False,False,False
https://palliative.zdrav.mosreg.ru/news/v_etot_den_182_goda_nazad_rodilsya_vyacheslav_avksentevich_m,,,,False,False,False
https://palliative.zdrav.mosreg.ru/news/15_marta_sostoitsya_vstrecha_s_nevrologom_v_ramkah_shkoli_pa,,,,False,False,False
https://palliative.zdrav.mosreg.ru/news/15_marta_proidet_simpozium_posvyaschennii_palliativnoi_i_der,,,,False,False,False
https://palliative.zdrav.mosreg.ru/news/3_goda_nazad_vsemirnaya_organizatsiya_zdravoohraneniya_obyav,,,,False,False,False
https://palliative.zdrav.mosreg.ru/news/16_marta_2023_goda_proidet_nauchnoprakticheskii_vebinar_rass,,,,False,False,False
https://palliative.zdrav.mosreg.ru/news/o_tom_kak_sotrudniki_mohd_naveschayut_svoih_podopechnih,,,,False,False,False
https://palliative.zdrav.mosreg.ru/news/segodnya_otmechaetsya_vsemirnii_den_pochki,,,,False,False,False
https://palliative.zdrav.mosreg.ru/news/dam_moskovskogo_oblastnogo_hospisa_dlya_detei_pozdravili_s_p,,,,False,False,False
https://palliative.zdrav.mosreg.ru/news/9_marta_proidet_onlainmeropriyatie_proekta_davai_pogovorim,,,,False,False,False
https://palliative.zdrav.mosreg.ru/news/segodnya_otmechayut_mezhdunarodnii_den_ohrani_zdorovya_uha_i,,,,False,False,False
https://palliative.zdrav.mosreg.ru/news/v_novosibirske_vilechili_palliativnogo_patsienta,,,,False,False,False
https://palliative.zdrav.mosreg.ru/news/urok_posvyaschennii_obscheniyu_s_patsientami_proshel_v_ramka,,,,False,False,False
https://palliative.zdrav.mosreg.ru/news/uchenie_zayavili_o_snizhenii_zabolevaemosti_mezoteliomoi,,,,False,False,False
https://palliative.zdrav.mosreg.ru/news/v_poslednii_den_fevralya_otmechaetsya_vsemirnii_den_redkih_z,,,,False,False,False
https://palliative.zdrav.mosreg.ru/news/1_marta_sostoitsya_vstrecha_s_psihologom_v_ramkah_shkoli_pal,,,,False,False,False
https://palliative.zdrav.mosreg.ru/news/uchenie_nashli_sposob_borotsya_s_boleznyu_altsgeimera,,,,False,False,False
https://palliative.zdrav.mosreg.ru/news/segodnya_otmechaetsya_165_let_so_dnya_rozhdeniya_v_p_serbsko,,,,False,False,False
https://palliative.zdrav.mosreg.ru/news/podopechnie_moskovskogo_oblastnogo_hospisa_dlya_detei_postel,,,,False,False,False
https://palliative.zdrav.mosreg.ru/news/v_moskovskom_oblastnom_hospise_dlya_detei_proveli_stazhirovk,,,,False,False,False
https://palliative.zdrav.mosreg.ru/news/28_fevralya_proidet_vebinar_palliativnaya_pomosch_o_chem_dol,,,,False,False,False
https://palliative.zdrav.mosreg.ru/news/22_fevralya_otmechaetsya_vsemirnii_den_entsefalita,,,,False,False,False
https://palliative.zdrav.mosreg.ru/news/v_rossii_otmechayut_den_feldshera,,,,False,False,False
https://palliative.zdrav.mosreg.ru/news/mezhdunarodnoe_issledovanie_deti_nahodyaschiesya_doma_poluch,,,,False,False,False
https://palliative.zdrav.mosreg.ru/news/dlya_sotrudnikov_moskovskogo_oblastnogo_hospisa_dlya_detei_p,,,,False,False,False
https://palliative.zdrav.mosreg.ru/news/vo_vsyom_mire_15_fevralya_otmechaetsya_mezhdunarodnii_den_de,,,,False,False,False
https://palliative.zdrav.mosreg.ru/news/segodnya_den_rasprostraneniya_informatsii_o_vrozhdennom_poro,,,,False,False,False
https://palliative.zdrav.mosreg.ru/news/sotrudniki_koordinatsionnogo_tsentra_posetili_ivanteevskuyu_,,,,False,False,False
https://palliative.zdrav.mosreg.ru/news/11_fevralya__vsemirnii_den_bolnogo,,,,False,False,False
https://palliative.zdrav.mosreg.ru/news/v_etot_den_rodilsya_otets_sovremennih_vaktsin__dzhon_frankli,,,,False,False,False
https://palliative.zdrav.mosreg.ru/news/pryamie_oralnie_antikoagulyanti_ne_uvelichivayut_risk_otsroc,,,,False,False,False
https://palliative.zdrav.mosreg.ru/news/podopechnie_gauz_mo_mohd_i_ih_roditeli_posetili_kinokontsert,,,,False,False,False
https://palliative.zdrav.mosreg.ru/news/v_msk_voshod_proshel_ochnii_urok_shkoli_palliativnogo_patsie,,,,False,False,False
https://palliative.zdrav.mosreg.ru/news/rasshiren_spisok_detskih_zabolevanii_kruga_dobra,,,,False,False,False
https://palliative.zdrav.mosreg.ru/news/8_fevralya_v_himkah_sostoitsya_vstrecha_s_sotsialnimi_rabotn,,,,False,False,False
https://palliative.zdrav.mosreg.ru/news/programma_mozhet_pomoch_predskazat_reaktsiyu_patsienta_na_im,,,,False,False,False
https://palliative.zdrav.mosreg.ru/news/odobreni_obnovlennie_klinicheskie_rekomendatsii_hronicheskii,,,,False,False,False
https://palliative.zdrav.mosreg.ru/news/dianu_nevzorovu_naznachili_glavnim_vneshtatnim_spetsialistom,,,,False,False,False
https://palliative.zdrav.mosreg.ru/news/podopechnie_moskovskogo_oblastnogo_hospisa_dlya_detei_poseti,,,,False,False,False
https://palliative.zdrav.mosreg.ru/news/vebinar_vopros_uchastiya_meditsinskoi_sestri_v_lechebnodiagn,,,,False,False,False
https://palliative.zdrav.mosreg.ru/news/moskovskaya_oblast_podpisala_soglashenie_s_fondom__krug_dobr,,,,False,False,False
https://palliative.zdrav.mosreg.ru/news/dlya_podopechnih_gauz_mo_moskovskii_oblastnoi_hospis_dlya_de,,,,False,False,False
https://palliative.zdrav.mosreg.ru/news/vebinar_po_nevrologii_personalizirovannaya_terapiya_dimielin,,,,False,False,False
https://palliative.zdrav.mosreg.ru/news/lekarstvennii_preparat_morfin_rastvor_dlya_priema_vnutr_vnes,,,,False,False,False
https://palliative.zdrav.mosreg.ru/news/20_yanvarya_sostoitsya_seminar_voprosi_organizatsii_raboti_s,,,,False,False,False
https://palliative.zdrav.mosreg.ru/news/20_yanvarya_2023_akademiya_otkritogo_obrazovaniya_provedet_v,,,,False,False,False
https://palliative.zdrav.mosreg.ru/news/19_yanvarya_proidet_mezhregionalnaya_nauchnoprakticheskaya_k,,,,False,False,False
https://palliative.zdrav.mosreg.ru/news/podopechnie_gauz_mo_moskovskii_oblastnoi_hospis_dlya_detei_i,,,,False,False,False
https://palliative.zdrav.mosreg.ru/news/21_yanvarya_proidyot_onlainshkola_standarti_nadlezhaschego_u,,,,False,False,False
https://palliative.zdrav.mosreg.ru/news/vyshel-dekabrskij-nomer-zhurnala-pallium-palliativnaya-i-hospisnaya-pomosh,,,,False,False,False
https://palliative.zdrav.mosreg.ru/news/_glavnii_vrach_elizavetinskii_detskii_hospis_irina_ershova_v,,,,False,False,False
https://palliative.zdrav.mosreg.ru/news/nuzhno_li_govorit_bolnomu_o_diagnoze,,,,False,False,False
https://palliative.zdrav.mosreg.ru/news/aktsiya_podari_mechtu_rebenku_2023_zavershilas_v_domodedovsk,,,,False,False,False
https://palliative.zdrav.mosreg.ru/news/sluzhba_palliativnoi_pomoschi_vnedrennaya_v_otdeleniya_neotl,,,,False,False,False
https://palliative.zdrav.mosreg.ru/news/statya_v_meditsinskom_zhurnale_vizvala_nemalo_sporov,,,,False,False,False
https://palliative.zdrav.mosreg.ru/news/s_2023_goda_perechen_produktov_lechebnogo_pitaniya_dlya_dete,,,,False,False,False
https://palliative.zdrav.mosreg.ru/news/podvedeni_itogi_viii_konferentsii_rol_meditsinskoi_sestri_v_,,,,False,False,False
https://palliative.zdrav.mosreg.ru/news/palliativnii_uhod_posle_tyazhelogo_insulta,,,,False,False,False
https://palliative.zdrav.mosreg.ru/news/13_dekabrya_v_dome_pravitelstva_moskovskoi_oblasti_sostoyalo,,,,False,False,False
https://palliative.zdrav.mosreg.ru/news/a_ved_menya_otpravlyali_k_vam_umirat,,,,False,False,False
https://palliative.zdrav.mosreg.ru/news/mechti_sbivayutsya,,,,False,False,False
https://palliative.zdrav.mosreg.ru/news/14_dekabrya_sostoyalos_pervoe_zanyatie_v_ochnoi_shkole_palli,,,,False,False,False
https://palliative.zdrav.mosreg.ru/news/vsemirnii_den_borbi_s_bronhialnoi_astmoi,,,,False,False,False
https://palliative.zdrav.mosreg.ru/news/koordinatsionnii_tsentr_posetila_glavnii_vneshtatnii_spetsia,,,,False,False,False
https://palliative.zdrav.mosreg.ru/news/prodolzhaem_rubriku_shkola_palliativnogo_patsienta,,,,False,False,False
https://palliative.zdrav.mosreg.ru/news/kak_poluchit_invalidnost_palliativnomu_bolnomu,,,,False,False,False
https://palliative.zdrav.mosreg.ru/news/voz_zayavila_ob_ugrozhayuschih_masshtabah_otkaza_ot_vaktsina,,,,False,False,False
https://palliative.zdrav.mosreg.ru/news/v_moskve_sostoyalas_vlll_ezhegodnaya_konferentsiya_rol_medit,,,,False,False,False
https://palliative.zdrav.mosreg.ru/news/vsemirnii_den_borbi_so_spidom,,,,False,False,False
https://palliative.zdrav.mosreg.ru/news/novii_zakon_o_povishenii_dostupnosti_lekarstv_dlya_detei_i_v,,,,False,False,False
https://palliative.zdrav.mosreg.ru/news/organizatsiya_viezdnoi_patronazhnoi_sluzhbi,,,,False,False,False
https://palliative.zdrav.mosreg.ru/news/2_dekabrya_2022_g_nakanune_mezhdunarodnogo_dnya_invalidov_st,,,,False,False,False
https://palliative.zdrav.mosreg.ru/news/_vseh_malishei_rodivshihsya_v_podmoskove_nachinaya_s_1_yanva,,,,False,False,False
https://palliative.zdrav.mosreg.ru/news/koordinatsionnii_tsentr_palliativnoi_meditsinskoi_pomoschi_p,,,,False,False,False
https://palliative.zdrav.mosreg.ru/news/sostoyalsya_seminar_aktualnie_voprosi_lecheniya_hronicheskog,,,,False,False,False
https://palliative.zdrav.mosreg.ru/news/nauchnoprakticheskaya_konferentsiya_palliativnaya_pomosch_d,,,,False,False,False
https://palliative.zdrav.mosreg.ru/news/kak_sohranit_svoe_zdorove_protsess_gorevaniya,,,,False,False,False
https://palliative.zdrav.mosreg.ru/news/den_psihologa,,,,False,False,False
https://palliative.zdrav.mosreg.ru/news/vsemirnii_den_zaschiti_detei,,,,False,False,False
https://palliative.zdrav.mosreg.ru/news/moskovskii_oblastnoi_hospis_dlya_detei,,,,False,False,False
https://palliative.zdrav.mosreg.ru/news/posledstviya_pandemii,,,,False,False,False
https://palliative.zdrav.mosreg.ru/news/mezhdunarodnii_den_otkaza_ot_kureniya,,,,False,False,False
https://palliative.zdrav.mosreg.ru/news/mezhdunarodnii_den_nedonoshennih_detei,,,,False,False,False
https://palliative.zdrav.mosreg.ru/news/vsemirnii_den_borbi_s_hronicheskoi_obstruktivnoi_boleznyu_le,,,,False,False,False
https://palliative.zdrav.mosreg.ru/news/vsemirnii_den_borbi_s_pnevmoniei,,,,False,False,False
https://palliative.zdrav.mosreg.ru/library/vsyo_ob_uhode_za_palliativnim_patsientom,Всё об уходе за паллиативным пациентом,Полезная информация для пациентов и специалистов по уходу за паллиативным пациентом. Важные советы и рекомендации от подмосковных экспертов.,,True,True,False
https://palliative.zdrav.mosreg.ru/library/sozdayom_komfortnoe_prostranstvo,Создаём комфортное пространство,"Узнайте, как организация комфортного пространства, профилактика падений и правильное перемещение пациентов помогают создать безопасную и поддерживающую среду для людей с ограниченными возможностями здоровья и их близких.",,True,True,False
https://palliative.zdrav.mosreg.ru/library/uhod_za_zubami_palliativnogo_rebyonka,Уход за ротовой полостью паллиативного ребёнка,"Используя наши рекомендации, вы сможете поддерживать хорошее состояние зубов и дёсен своего ребёнка, предотвратить появление серьезных проблем и обеспечить малышу комфортное детство!",,True,True,False
https://palliative.zdrav.mosreg.ru/doctors/shestakova_ab,Шестакова Анна Борисовна,Руководитель координационного центра паллиативной медицинской помощи Московской области,,True,True,False
https://palliative.zdrav.mosreg.ru/clinics/moskovskii_oblastnoi_hospis_dlya_detei,ГАУЗ МО «Московский областной хоспис» (для детей),"Первое и единственное государственное медицинское учреждение в Московской области, оказывающее паллиативную медицинскую помощь детям. В структуру хосписа входят два подразделения: стационарное отделение и выездная патронажная служба.",,True,True,False
https://palliative.zdrav.mosreg.ru/clinics/dubnenskaya_gorodskaya_bolnitsa,"ГАУЗ Московской области ""Дубненская городская больница""","Имеет в своем составе взрослые и детские поликлинические отделения. Оказывается первичная, специализированная и высокотехнологичная помощь в терапевтических и хирургических отделениях взрослым и детям в городском округе Дубна.",,True,True,False
https://palliative.zdrav.mosreg.ru/clinics/klinskaya_oblastnaya_bolnitsa_/kabinet,"ГАУЗ Московской области ""Клинская областная больница""",Оказание паллиативной специализированной медицинской помощи взрослым в амбулаторных условиях.,,True,True,False
https://palliative.zdrav.mosreg.ru/clinics/klinskaya_oblastnaya_bolnitsa_/gauz_moskovskoi_oblasti_klinskaya_oblastnaya_bolnitsa,"ГАУЗ Московской области ""Клинская областная больница""","Детское отделение.  Оказывается первичная, специализированная и высокотехнологичная помощь",,True,True,False
https://palliative.zdrav.mosreg.ru/clinics/klinskaya_oblastnaya_bolnitsa_,"ГАУЗ Московской области ""Клинская областная больница""","Имеет в своем составе взрослые и детские поликлинические отделения. Оказывается первичная, специализированная и высокотехнологичная помощь в терапевтических и хирургических отделениях взрослым и детям в городском округе Клин.",,True,True,False
https://palliative.zdrav.mosreg.ru/clinics/klinskaya_oblastnaya_bolnitsa_/stacionar_1,"ГАУЗ Московской области ""Клинская областная больница""",Оказание паллиативной специализированной медицинской помощи взрослым в стационарных условиях.,,True,True,False
https://palliative.zdrav.mosreg.ru/clinics/klinskaya_oblastnaya_bolnitsa_/stacionar,"ГАУЗ Московской области ""Клинская областная больница""",Оказание паллиативной специализированной медицинской помощи взрослым в стационарных условиях.,,True,True,False
https://palliative.zdrav.mosreg.ru/clinics/moskovskii_oblastnoi_onkologicheskii_dispanser,ГАУЗ Московской области Московский областной онкологический диспансер,"Медицинская организация оказывает современную специализированную и высокотехнологичную паллиативную помощь. Вы можете узнать график работы, контакты, сайт московского областного онкологического диспансера.",,True,True,False
https://palliative.zdrav.mosreg.ru/clinics/moskovskii_oblastnoi_onkologicheskii_dispanser/stacionar,ГАУЗ Московской области Московский областной онкологический диспансер.,Оказание паллиативной специализированной медицинской помощи взрослым в стационарных условиях. Вся необходимая информация об учреждении.,,True,True,False
https://palliative.zdrav.mosreg.ru/clinics/moskovskii_oblastnoi_hospis_dlya_detei/vyezdnaya-brigada,"ГАУЗ Московской области ""Московский областной хоспис (для детей)""",Оказание паллиативной медицинской помощи амбулаторным пациентам на дому.,,True,True,False
https://palliative.zdrav.mosreg.ru/clinics/himkinskaya_oblastnaya_bolnitsa_Kirova_23/vyezdnaya-brigada,"ГАУЗ Московской области ""Химкинская Областная больница""",Выездная патронажная служба паллиативной медицинской помощи оказывает медицинскую помощь паллиативным больным на дому или транспортирует их в медицинское учреждение.,,True,True,False
https://palliative.zdrav.mosreg.ru/clinics/himkinskaya_oblastnaya_bolnitsa_Kirova_23,"ГАУЗ Московской области ""Химкинская Областная больница""",Оказание паллиативной специализированной медицинской помощи взрослым в амбулаторных условиях. Кабинет паллиативной помощи для взрослых  находится в поликлинике №3 города Химки.,,True,True,False
https://palliative.zdrav.mosreg.ru/clinics/himkinskaya_oblastnaya_bolnitsa_Kirova_23/stacionar11,"ГАУЗ Московской области ""Химкинская Областная больница""","В отделении создаются условия, обеспечивающие возможность посещения пациента и пребывания родственников с ним в медицинской организации с учетом состояния пациента.",,True,True,False
https://palliative.zdrav.mosreg.ru/clinics/psihiatricheskaya_bolnitsa_5,"ГБУЗ МО ""Психиатрическая больница №5""","Больница оказывает помощь населению Северо-Восточных районов Московской области. Лечебное учреждение развивающийся центр психиатрической и наркологической помощи, с устоявшимися традициями, опытным коллективом сотрудников.",,True,True,False
https://palliative.zdrav.mosreg.ru/clinics/psihiatricheskaya_bolnitsa_5/stacionar,"ГБУЗ МО ""Психиатрическая больница №5""","Медицинская помощь пациентам, нуждающимся в круглосуточном сестринском уходе, при отсутствии медицинских показаний для постоянного наблюдения врача.",,True,True,False
https://palliative.zdrav.mosreg.ru/clinics/balashihinskaya_oblastnaya_bolnitsa/kabinet,"ГБУЗ Московской области ""Балашихинская областная больница""",Оказание паллиативной специализированной медицинской помощи взрослым в амбулаторных условиях.,,True,True,False
https://palliative.zdrav.mosreg.ru/clinics/balashihinskaya_oblastnaya_bolnitsa,"ГБУЗ Московской области ""Балашихинская областная больница""","Заведующий отделением Сигаури Исмаил Исаевич.
В стационаре есть врач-психолог",,True,True,False
https://palliative.zdrav.mosreg.ru/clinics/balashihinskaya_oblastnaya_bolnitsa/vyezdnaya-brigada,"ГБУЗ Московской области ""Балашихинская областная больница""",Оказание паллиативной медицинской помощи амбулаторным пациентам на дому.,,True,True,False
https://palliative.zdrav.mosreg.ru/clinics/vidnovskaya_raionnaya_klinicheskaya_bolnitsa,"ГБУЗ Московской области ""Видновская районная клиническая больница""","Имеет в своем составе взрослые и детские поликлинические отделения. Оказывается первичная, специализированная и высокотехнологичная помощь в терапевтических и хирургических отделениях взрослым и детям в городском округе Ленинский.",,True,True,False
https://palliative.zdrav.mosreg.ru/clinics/volokolamskaya_tsentralnaya_raionnaya_bolnitsa/stacionar,"ГБУЗ Московской области ""Волоколамская центральная районная больница""",Оказание паллиативной специализированной медицинской помощи взрослым в стационарных условиях.,,True,True,False
https://palliative.zdrav.mosreg.ru/clinics/volokolamskaya_tsentralnaya_raionnaya_bolnitsa,"ГБУЗ Московской области ""Волоколамская центральная районная больница""","Волоколамская центральная районная больница обеспечивает паллиативную помощь на дому: обезболивание, профилактика пролежней, замена катетеров, выдача направлений в хосписы. Специалисты работают с понедельника по пятницу с 8:00 до 16:00. Горячая линия глав",,True,True,False
https://palliative.zdrav.mosreg.ru/clinics/volokolamskaya_tsentralnaya_raionnaya_bolnitsa/kabinet,"ГБУЗ Московской области ""Волоколамская центральная районная больница""",Оказание паллиативной специализированной медицинской помощи взрослым в амбулаторных условиях.,,True,True,False
https://palliative.zdrav.mosreg.ru/clinics/volokolamskaya_tsentralnaya_raionnaya_bolnitsa/sestrinskiy-uhod,"ГБУЗ Московской области ""Волоколамская центральная районная больница""",Заведующий отделением сестринского ухода- врач по паллиативной помощи,,True,True,False
https://palliative.zdrav.mosreg.ru/clinics/voskresenskaya_oblastnaya_bolnitsa_/stacionar,"ГБУЗ Московской области ""Воскресенская областная больница""",Оказание паллиативной специализированной медицинской помощи взрослым в стационарных условиях.,,True,True,False
https://palliative.zdrav.mosreg.ru/clinics/voskresenskaya_oblastnaya_bolnitsa_,"ГБУЗ Московской области ""Воскресенская областная больница""","Кабинет паллиативной помощи для взрослых  находится в поликлинике №1 города Воскресенск 

В кабинете паллиативной помощи работают не только с пациентами на последних стадиях онкологических заболеваний, но и с неврологическими, ортопедическими заболевани",,True,True,False
https://palliative.zdrav.mosreg.ru/clinics/voskresenskaya_oblastnaya_bolnitsa_/sestrinskiy-uhod,"ГБУЗ Московской области ""Воскресенская областная больница""","Медицинская помощь пациентам, нуждающимся в круглосуточном сестринском уходе, при отсутствии медицинских показаний для постоянного наблюдения врача.",,True,True,False
https://palliative.zdrav.mosreg.ru/clinics/dzerzhinskaya_gorodskaya_bolnitsa,"ГБУЗ Московской области ""Дзержинская городская больница""","Информация о паллиативном отделении Дзержинской городской больницы: контакты, адрес, специализация, часы работы и предлагаемые услуги для пациентов с особыми потребностями.",,True,True,False
https://palliative.zdrav.mosreg.ru/clinics/dmitrovskaya_oblastnaya_bolnitsa/sestrinskiy-uhod_2,"ГБУЗ Московской области ""Дмитровская областная больница","Медицинская помощь пациентам, нуждающимся в круглосуточном сестринском уходе, при отсутствии медицинских показаний для постоянного наблюдения врача.",,True,True,False
https://palliative.zdrav.mosreg.ru/clinics/dmitrovskaya_oblastnaya_bolnitsa/sestrinskiy-uhod_1,"ГБУЗ Московской области ""Дмитровская областная больница","Медицинская помощь пациентам, нуждающимся в круглосуточном сестринском уходе, при отсутствии медицинских показаний для постоянного наблюдения врача.",,True,True,False
https://palliative.zdrav.mosreg.ru/clinics/dmitrovskaya_oblastnaya_bolnitsa/vyezdnaya-brigada,"ГБУЗ Московской области ""Дмитровская областная больница",Оказание паллиативной медицинской помощи амбулаторным пациентам на дому.,,True,True,False
https://palliative.zdrav.mosreg.ru/clinics/dmitrovskaya_oblastnaya_bolnitsa,"ГБУЗ Московской области ""Дмитровская областная больница","Имеет в своем составе взрослые и детские поликлинические отделения. Оказывается первичная, специализированная и высокотехнологичная помощь в терапевтических и хирургических отделениях взрослым и детям в городском округе Дмитровский.",,True,True,False
https://palliative.zdrav.mosreg.ru/clinics/dmitrovskaya_oblastnaya_bolnitsa/sestrinskiy-uhod,"ГБУЗ Московской области ""Дмитровская областная больница","Медицинская помощь пациентам, нуждающимся в круглосуточном сестринском уходе, при отсутствии медицинских показаний для постоянного наблюдения врача.",,True,True,False
https://palliative.zdrav.mosreg.ru/clinics/dmitrovskaya_oblastnaya_bolnitsa/stacionar,"ГБУЗ Московской области ""Дмитровская областная больница""",Оказание паллиативной специализированной медицинской помощи взрослым в стационарных условиях.,,True,True,False
https://palliative.zdrav.mosreg.ru/clinics/dolgoprudnenskaya_tsentralnaya_gorodskaya_bolnitsa,"ГБУЗ Московской области ""Долгопрудненская центральная городская больница""","Официальная информация о Долгопрудненской городской больнице: контактная информация, график работы палаты паллиативной помощи, специализация оказываемых услуг, телефоны горячей линии и профиль работы специалистов.",,True,True,False
https://palliative.zdrav.mosreg.ru/clinics/domodedovskaya_tsentralnaya_gorodskaya_bolnitsa/stacionar,"ГБУЗ Московской области ""Домодедовская центральная городская больница""",Оказание паллиативной специализированной медицинской помощи взрослым в стационарных условиях.,,True,True,False
https://palliative.zdrav.mosreg.ru/clinics/domodedovskaya_tsentralnaya_gorodskaya_bolnitsa,"ГБУЗ Московской области ""Домодедовская центральная городская больница""","Оказание паллиативной помощи в ГБУЗ Московской области ""Домодедовская центральная городская больница"".",,True,True,False
https://palliative.zdrav.mosreg.ru/clinics/egorevskaya_tsentralnaya_raionnaya_bolnitsa/stacionar,"ГБУЗ Московской области ""Егорьевская центральная районная больница""","Медицинская помощь пациентам, нуждающимся в круглосуточном сестринском уходе, при отсутствии медицинских показаний для постоянного наблюдения врача.",,True,True,False
https://palliative.zdrav.mosreg.ru/clinics/egorevskaya_tsentralnaya_raionnaya_bolnitsa/sestrinskiy-uhod,"ГБУЗ Московской области ""Егорьевская центральная районная больница""","Медицинская помощь пациентам, нуждающимся в круглосуточном сестринском уходе, при отсутствии медицинских показаний для постоянного наблюдения врача.",,True,True,False
https://palliative.zdrav.mosreg.ru/clinics/egorevskaya_tsentralnaya_raionnaya_bolnitsa,"ГБУЗ Московской области ""Егорьевская центральная районная больница""","Имеет в своем составе взрослые и детские поликлинические отделения. Оказывается первичная, специализированная и высокотехнологичная помощь в терапевтических и хирургических отделениях взрослым и детям в городском округе Егорьевск.",,True,True,False
https://palliative.zdrav.mosreg.ru/clinics/zhukovskaya_gorodskaya_klinicheskaya_bolnitsa,"ГБУЗ Московской области ""Жуковская городская клиническая больница""","Оказание взрослому населению специализированной паллиативной медицинской поддержки в амбулаторных условиях в ГБУЗ Московской области ""Жуковская городская клиническая больница"".",,True,True,False
https://palliative.zdrav.mosreg.ru/clinics/zhukovskaya_gorodskaya_klinicheskaya_bolnitsa/stacionar,"ГБУЗ Московской области ""Жуковская городская клиническая больница""",Оказание паллиативной специализированной медицинской помощи взрослым в стационарных условиях.,,True,True,False
https://palliative.zdrav.mosreg.ru/clinics/zaraiskaya_tsentralnaya_raionnaya_bolnitsa,"ГБУЗ Московской области ""Зарайская центральная районная больница""","Имеет в своем составе взрослые и детские поликлинические отделения. Оказывается первичная, специализированная и высокотехнологичная помощь в терапевтических и хирургических отделениях взрослым и детям в городском округе Зарайск.",,True,True,False
https://palliative.zdrav.mosreg.ru/clinics/kashirskaya_tsentralnaya_raionnaya_bolnitsa,"ГБУЗ Московской области ""Каширская центральная районная больница""","Информация о паллиативных услугах Каширской центральной районной больницы: контакты, график работы, специализация отделений и предоставляемые услуги населению.",,True,True,False
https://palliative.zdrav.mosreg.ru/clinics/kashirskaya_tsentralnaya_raionnaya_bolnitsa/sestrinskiy-uhod,"ГБУЗ Московской области ""Каширская центральная районная больница""","Медицинская помощь пациентам, нуждающимся в круглосуточном сестринском уходе, при отсутствии медицинских показаний для постоянного наблюдения врача.",,True,True,False
https://palliative.zdrav.mosreg.ru/clinics/kolomenskaya_oblastnaya_bolnitsa,"ГБУЗ Московской области ""Коломенская областная больница""","Специализированная медицинская помощь паллиативного характера взрослым пациентам на амбулаторном уровне в ГБУЗ Московской области ""Коломенская областная больница"".",,True,True,False
https://palliative.zdrav.mosreg.ru/clinics/kolomenskaya_oblastnaya_bolnitsa/stacionar,"ГБУЗ Московской области ""Коломенская областная больница""",Оказание паллиативной специализированной медицинской помощи взрослым в стационарных условиях.,,True,True,False
https://palliative.zdrav.mosreg.ru/clinics/kolomenskaya_oblastnaya_bolnitsa/sestrinskiy-uhod,"ГБУЗ Московской области ""Коломенская областная больница""","Медицинская помощь пациентам, нуждающимся в круглосуточном сестринском уходе, при отсутствии медицинских показаний для постоянного наблюдения врача.",,True,True,False
https://palliative.zdrav.mosreg.ru/clinics/korolyovskaya_gorodskaya_bolnitsa/kabinet,"ГБУЗ Московской области ""Королёвская городская больница""",Оказание паллиативной специализированной медицинской помощи взрослым в амбулаторных условиях.,,True,True,False
https://palliative.zdrav.mosreg.ru/clinics/korolyovskaya_gorodskaya_bolnitsa,"ГБУЗ Московской области ""Королёвская городская больница""","Амбулаторное оказание специализированной паллиативной помощи взрослым пациентам в ГБУЗ Московской области ""Королёвская городская больница"".",,True,True,False
https://palliative.zdrav.mosreg.ru/clinics/korolyovskaya_gorodskaya_bolnitsa/sestrinskiy-uhod,"ГБУЗ Московской области ""Королёвская городская больница""","Медицинская помощь пациентам, нуждающимся в круглосуточном сестринском уходе, при отсутствии медицинских показаний для постоянного наблюдения врача.",,True,True,False
https://palliative.zdrav.mosreg.ru/clinics/korolyovskaya_gorodskaya_bolnitsa/stacionar,"ГБУЗ Московской области ""Королёвская городская больница""",Оказание паллиативной специализированной медицинской помощи взрослым в амбулаторных условиях.,,True,True,False
https://palliative.zdrav.mosreg.ru/clinics/Krasnogorskaya_gorodskaya_bolnitza,"ГБУЗ Московской области ""Красногорская городская больница""",Организация оказания паллиативного медицинского обслуживания взрослых пациентов на дому и в поликлиниках.,,True,True,False
https://palliative.zdrav.mosreg.ru/clinics/Krasnogorskaya_gorodskaya_bolnitza/sestrinskiy-uhod,"ГБУЗ Московской области ""Красногорская городская больница""","Медицинская помощь пациентам, нуждающимся в круглосуточном сестринском уходе, при отсутствии медицинских показаний для постоянного наблюдения врача.",,True,True,False
https://palliative.zdrav.mosreg.ru/clinics/obnenskaya_tsentralnaya_gorodskaya_bolnitsa/sestrinskiy-uhod,"ГБУЗ Московской области ""Лобненская центральная городская больница""",Оказание паллиативной специализированной медицинской помощи взрослым в стационарных условиях.,,True,True,False
https://palliative.zdrav.mosreg.ru/clinics/obnenskaya_tsentralnaya_gorodskaya_bolnitsa,"ГБУЗ Московской области ""Лобненская центральная городская больница""","Специализированная медицинская помощь паллиативного характера в ГБУЗ Московской области ""Лобненская центральная городская больница"". Адреса, номера телефонов и информация о клинике.",,True,True,False
https://palliative.zdrav.mosreg.ru/clinics/lotoshinskaya_tsentralnaya_raionnay/sestrinskiy-uhod,"ГБУЗ Московской области ""Лотошинская центральная районная больница""",Оказание паллиативной специализированной медицинской помощи взрослым в стационарных условиях.,,True,True,False
https://palliative.zdrav.mosreg.ru/clinics/lotoshinskaya_tsentralnaya_raionnay,,,,False,False,False
https://palliative.zdrav.mosreg.ru/clinics/luhovitskaya_tsentralnaya_raionnaya_bolnitsa,"ГБУЗ Московской области ""Луховицкая центральная районная больница""","Специализированная медицинская помощь паллиативного характера взрослым пациентам на амбулаторном уровне в  ГБУЗ Московской области ""Луховицкая центральная районная больница"".",,True,True,False
https://palliative.zdrav.mosreg.ru/clinics/luhovitskaya_tsentralnaya_raionnaya_bolnitsa/stacionar,"ГБУЗ Московской области ""Луховицкая центральная районная больница""",Оказание паллиативной специализированной медицинской помощи взрослым в стационарных условиях.,,True,True,False
https://palliative.zdrav.mosreg.ru/clinics/lyuberetskaya_oblastnaya_bolnitsa/sestrinskiy-uhod,"ГБУЗ Московской области ""Люберецкая областная больница""","Медицинская помощь пациентам, нуждающимся в круглосуточном сестринском уходе, при отсутствии медицинских показаний для постоянного наблюдения врача.",,True,True,False
https://palliative.zdrav.mosreg.ru/clinics/lyuberetskaya_oblastnaya_bolnitsa,,,,False,False,False
https://palliative.zdrav.mosreg.ru/clinics/lyuberetskaya_oblastnaya_bolnitsa/vyezdnaya-brigada1,"ГБУЗ Московской области ""Люберецкая областная больница""","Специалисты выездной службы делают следующие процедуры. Обезболивают, предотвращают и лечат пролежни.",,True,True,False
https://palliative.zdrav.mosreg.ru/clinics/mozhaiskaya_tsentralnaya_raionnaya_bolnitsa/sestrinskiy-uhod_1,"ГБУЗ Московской области ""Можайская центральная районная больница""","Медицинская помощь пациентам, нуждающимся в круглосуточном сестринском уходе, при отсутствии медицинских показаний для постоянного наблюдения врача.",,True,True,False
https://palliative.zdrav.mosreg.ru/clinics/mozhaiskaya_tsentralnaya_raionnaya_bolnitsa/sestrinskiy-uhod,"ГБУЗ Московской области ""Можайская центральная районная больница""","Медицинская помощь пациентам, нуждающимся в круглосуточном сестринском уходе, при отсутствии медицинских показаний для постоянного наблюдения врача.",,True,True,False
https://palliative.zdrav.mosreg.ru/clinics/mozhaiskaya_tsentralnaya_raionnaya_bolnitsa,"ГБУЗ Московской области ""Можайская центральная районная больница""","Оказание паллиативной специализированной медицинской помощи в ГБУЗ Московской области ""Можайская центральная районная больница"".",,True,True,False
https://palliative.zdrav.mosreg.ru/clinics/mozhaiskaya_tsentralnaya_raionnaya_bolnitsa/vyezdnaya-brigada,"ГБУЗ Московской области ""Можайская центральная районная больница""",Оказание паллиативной медицинской помощи амбулаторным пациентам на дому.,,True,True,False
https://palliative.zdrav.mosreg.ru/clinics/moskovskaya_oblastnaya_bolnitsa_imeni_professora_v_n_rozanova/vyezdnaya-brigada,"ГБУЗ Московской области ""Московская областная больница имени профессора В.Н. Роз",Оказание паллиативной медицинской помощи амбулаторным пациентам на дому.,,True,True,False
https://palliative.zdrav.mosreg.ru/clinics/moskovskaya_oblastnaya_bolnitsa_imeni_professora_v_n_rozanova,"ГБУЗ Московской области ""Московская областная больница имени профессора В.Н. Роз","Специализированная медицинская помощь паллиативного характера взрослым пациентам на амбулаторном уровне в ГБУЗ Московской области ""Московская областная больница имени профессора В.Н. Розанова"".",,True,True,False
https://palliative.zdrav.mosreg.ru/clinics/moskovskii_oblastnoi_tsentr_ohrani_materinstva_i_detstva,"ГБУЗ Московской области ""Московский областной центр охраны материнства и детства","Имеет в своем составе детские поликлинические отделения и женскую консультацию. Оказывается первичная, специализированная и высокотехнологичная помощь в терапевтических и хирургических отделениях женщинам и детям в Московской области.",,True,True,False
https://palliative.zdrav.mosreg.ru/clinics/moskovskii_oblastnoi_tsentr_ohrani_materinstva_i_detstva/stacionar,"ГБУЗ Московской области ""Московский областной центр охраны материнства и детства",Оказание паллиативной специализированной медицинской помощи взрослым и детям в стационарных условиях.,,True,True,False
https://palliative.zdrav.mosreg.ru/clinics/mitischinskaya_gorodskaya_klinicheskaya_bolnitsa/vyezdnaya-brigada,,,,False,False,False
https://palliative.zdrav.mosreg.ru/clinics/mitischinskaya_gorodskaya_klinicheskaya_bolnitsa/kabinet,,,,False,False,False
https://palliative.zdrav.mosreg.ru/clinics/mitischinskaya_gorodskaya_klinicheskaya_bolnitsa/stacionar,,,,False,False,False
https://palliative.zdrav.mosreg.ru/clinics/narofominskaya_oblastnaya_bolnitsa,"ГБУЗ Московской области ""Наро-Фоминская областная больница""","Имеет в своем составе взрослые и детские поликлинические отделения. Оказывается первичная, специализированная и высокотехнологичная помощь в терапевтических и хирургических отделениях взрослым и детям в городском округе Наро-Фоминский.",,True,True,False
https://palliative.zdrav.mosreg.ru/clinics/Noginskaua_statichonar,"ГБУЗ Московской области ""Ногинская центральная районная больница""","Оказание взрослому населению специализированной паллиативной медицинской поддержки в амбулаторных условиях в ГБУЗ Московской области ""Ногинская центральная районная больница"". Ознакомьтесь с контактными данными.",,True,True,False
https://palliative.zdrav.mosreg.ru/clinics/sestrinskiy_uhod,"ГБУЗ Московской области ""Ногинская центральная районная больница""","Медицинская помощь пациентам, нуждающимся в круглосуточном сестринском уходе, при отсутствии медицинских показаний для постоянного наблюдения врача. Основные медицинские показания для оказания паллиативной медицинской помощи взрослым в отделении сестринск",,True,True,False
https://palliative.zdrav.mosreg.ru/clinics/odintsovskaya_oblastnaya_bolnitsa,"ГБУЗ Московской области ""Одинцовская областная больница""","Имеет в своем составе взрослые и детские поликлинические отделения. Оказывается первичная, специализированная и высокотехнологичная помощь в терапевтических и хирургических отделениях взрослым и детям в городском округе Одинцовский.",,True,True,False
https://palliative.zdrav.mosreg.ru/clinics/orehovozuevskaya_oblastnaya_bolnitsa/sestrinskiy-uhod,"ГБУЗ Московской области ""Орехово-Зуевская областная больница""","Медицинская помощь пациентам, нуждающимся в круглосуточном сестринском уходе, при отсутствии медицинских показаний для постоянного наблюдения врача.",,True,True,False
https://palliative.zdrav.mosreg.ru/clinics/orehovozuevskaya_oblastnaya_bolnitsa/vyezdnaya-brigada,"ГБУЗ Московской области ""Орехово-Зуевская областная больница""","Имеет в своем составе взрослые и детские поликлинические отделения. Оказывается первичная, специализированная и высокотехнологичная помощь в терапевтических и хирургических отделениях взрослым и детям в городском округе Орехово-Зуевский.",,True,True,False
https://palliative.zdrav.mosreg.ru/clinics/orehovozuevskaya_oblastnaya_bolnitsa/kabinet,"ГБУЗ Московской области ""Орехово-Зуевская областная больница""",Оказание паллиативной специализированной медицинской помощи взрослым в амбулаторных условиях.,,True,True,False
https://palliative.zdrav.mosreg.ru/clinics/orehovozuevskaya_oblastnaya_bolnitsa,"ГБУЗ Московской области ""Орехово-Зуевская областная больница""","Обеспечение взрослых пациентов специализированной паллиативной медицинской помощью в амбулаторной форме в ГБУЗ Московской области ""Орехово-Зуевская областная больница"".",,True,True,False
https://palliative.zdrav.mosreg.ru/clinics/pavlovoposadskaya_tsentralnaya_raionnaya_bolnitsa,"ГБУЗ Московской области ""Павлово-Посадская центральная районная больница""","Паллиативная медицинская помощь в Павлово-Посадской центральной районной больнице: круглосуточный сестринский уход, динамическое наблюдение за состоянием пациентов, выполнение назначений врачей, организация консультаций специалистами. Расположение: г. Пав",,True,True,False
https://palliative.zdrav.mosreg.ru/clinics/pavlovoposadskaya_tsentralnaya_raionnaya_bolnitsa/stacionar,"ГБУЗ Московской области ""Павлово-Посадская центральная районная больница""","Медицинская помощь пациентам, нуждающимся в круглосуточном сестринском уходе, при отсутствии медицинских показаний для постоянного наблюдения врача.",,True,True,False
https://palliative.zdrav.mosreg.ru/clinics/pavlovoposadskaya_tsentralnaya_raionnaya_bolnitsa/kabinet,"ГБУЗ Московской области ""Павлово-Посадская центральная районная больница""",Оказание паллиативной специализированной медицинской помощи взрослым в амбулаторных условиях.,,True,True,False
https://palliative.zdrav.mosreg.ru/clinics/podolskaya_detskaya_gorodskaya_bolnitsa,"ГБУЗ Московской области ""Подольская детская городская больница""","Имеет в своем составе детские поликлинические отделения. Оказывается первичная, специализированная и высокотехнологичная помощь в терапевтических и хирургических отделениях детям в городском округе Подольск.",,True,True,False
https://palliative.zdrav.mosreg.ru/clinics/podolskaya_oblastnaya_klinicheskaya_bolnitsa,"ГБУЗ Московской области ""Подольская областная клиническая больница""","Предоставление паллиативной специализированной медпомощи взрослому населению вне стационара в ГБУЗ Московской области ""Подольская областная клиническая больница"".",,True,True,False
https://palliative.zdrav.mosreg.ru/clinics/podolskaya_oblastnaya_klinicheskaya_bolnitsa/vyezdnaya-brigada,"ГБУЗ Московской области ""Подольская областная клиническая больница""",Оказание паллиативной медицинской помощи амбулаторным пациентам на дому.,,True,True,False
https://palliative.zdrav.mosreg.ru/clinics/podolskaya_oblastnaya_klinicheskaya_bolnitsa/kabinet_1,"ГБУЗ Московской области ""Подольская областная клиническая больница""",Оказание паллиативной специализированной медицинской помощи взрослым в амбулаторных условиях.,,True,True,False
https://palliative.zdrav.mosreg.ru/clinics/podolskaya_oblastnaya_klinicheskaya_bolnitsa/kabinet,"ГБУЗ Московской области ""Подольская областная клиническая больница""",Оказание паллиативной специализированной медицинской помощи взрослым в амбулаторных условиях.,,True,True,False
https://palliative.zdrav.mosreg.ru/clinics/ramenskaya_oblastnaya_bolnitsa/stacionar,"ГБУЗ Московской области ""Раменская областная больница""",Оказание паллиативной специализированной медицинской помощи взрослым в стационарных условиях.,,True,True,False
https://palliative.zdrav.mosreg.ru/clinics/ramenskaya_oblastnaya_bolnitsa/sestrinskiy-uhod,"ГБУЗ Московской области ""Раменская областная больница""","Медицинская помощь пациентам, нуждающимся в круглосуточном сестринском уходе, при отсутствии медицинских показаний для постоянного наблюдения врача.",,True,True,False
https://palliative.zdrav.mosreg.ru/clinics/ramenskaya_oblastnaya_bolnitsa,"ГБУЗ Московской области ""Раменская областная больница""","Раменская областная больница оказывает паллиативную медицинскую помощь амбулаторным пациентам на дому. Предоставляет обезболивание, респираторную поддержку, хирургические вмешательства и переливание компонентов крови. Работаем ежедневно с 8:00 до 17:00, в",,True,True,False
https://palliative.zdrav.mosreg.ru/clinics/ramenskaya_oblastnaya_bolnitsa/kabinet,"ГБУЗ Московской области ""Раменская областная больница""",Оказание паллиативной специализированной медицинской помощи взрослым в амбулаторных условиях.,,True,True,False
https://palliative.zdrav.mosreg.ru/clinics/sergievoposadskaya_raionnaya_bolnitsa,"ГБУЗ Московской области ""Сергиево-Посадская районная больница""","Имеет в своем составе взрослые и детские поликлинические отделения. Оказывается первичная, специализированная и высокотехнологичная помощь в терапевтических и хирургических отделениях взрослым и детям в городском округе Сергиево-Посадский.",,True,True,False
https://palliative.zdrav.mosreg.ru/clinics/sergievoposadskaya_raionnaya_bolnitsa/kabinet,"ГБУЗ Московской области ""Сергиево-Посадская районная больница""",Оказание паллиативной специализированной медицинской помощи взрослым в амбулаторных условиях.,,True,True,False
https://palliative.zdrav.mosreg.ru/clinics/sergievoposadskaya_raionnaya_bolnitsa/stacionar,"ГБУЗ Московской области ""Сергиево-Посадская районная больница""",Оказание паллиативной специализированной медицинской помощи взрослым в стационарных условиях.,,True,True,False
https://palliative.zdrav.mosreg.ru/clinics/sergievoposadskaya_raionnaya_bolnitsa/sestrinskiy-uhod,"ГБУЗ Московской области ""Сергиево-Посадская районная больница""","Медицинская помощь пациентам, нуждающимся в круглосуточном сестринском уходе, при отсутствии медицинских показаний для постоянного наблюдения врача.",,True,True,False
https://palliative.zdrav.mosreg.ru/clinics/serpuhovskaya_tsentralnaya_raionnay_bolnitsa,"ГБУЗ Московской области ""Серпуховская областная больница""","Оказание медицинской помощи больным, которым необходим постоянный уход медицинского персонала, но не требуются регулярные осмотры врачом круглосуточно.",,True,True,False
https://palliative.zdrav.mosreg.ru/clinics/serpuhovskaya_tsentralnaya_raionnay_bolnitsa/stacionar,"ГБУЗ Московской области ""Серпуховская центральная районная больница""",Оказание паллиативной специализированной медицинской помощи взрослым в стационарных условиях.,,True,True,False
https://palliative.zdrav.mosreg.ru/clinics/solnechnogorskaya_oblastnaya_bolnitsa,"ГБУЗ Московской области ""Солнечногорская областная больница""","Предоставление специализированной паллиативной медпомощи взрослым пациентам вне стационара в ГБУЗ Московской области ""Солнечногорская областная больница"".",,True,True,False
https://palliative.zdrav.mosreg.ru/clinics/solnechnogorskaya_oblastnaya_bolnitsa/stacionar,,,,False,False,False
https://palliative.zdrav.mosreg.ru/clinics/solnechnogorskaya_oblastnaya_bolnitsa/vyezdnaya-brigada,"ГБУЗ Московской области ""Солнечногорская областная больница""",Оказание паллиативной медицинской помощи амбулаторным пациентам на дому.,,True,True,False
https://palliative.zdrav.mosreg.ru/clinics/solnechnogorskaya_oblastnaya_bolnitsa/sestrinskiy-uhod,"ГБУЗ Московской области ""Солнечногорская областная больница""","Медицинская помощь пациентам, нуждающимся в круглосуточном сестринском уходе, при отсутствии медицинских показаний для постоянного наблюдения врача.",,True,True,False
https://palliative.zdrav.mosreg.ru/clinics/stupinskaya_oblastnaya_klinicheskaya_bolnitsa/kabinet,"ГБУЗ Московской области ""Ступинская областная клиническая больница""","Имеет в своем составе взрослые и детские поликлинические отделения. Оказывается первичная, специализированная и высокотехнологичная помощь в терапевтических и хирургических отделениях взрослым и детям в городском округе Ступино.",,True,True,False
https://palliative.zdrav.mosreg.ru/clinics/stupinskaya_oblastnaya_klinicheskaya_bolnitsa,"ГБУЗ Московской области ""Ступинская областная клиническая больница""","Имеет в своем составе взрослые и детские поликлинические отделения. Оказывается первичная, специализированная и высокотехнологичная помощь в терапевтических и хирургических отделениях взрослым и детям в городском округе Ступино.",,True,True,False
https://palliative.zdrav.mosreg.ru/clinics/stupinskaya_oblastnaya_klinicheskaya_bolnitsa/sestrinskiy-uhod,"ГБУЗ Московской области ""Ступинская областная клиническая больница""","Медицинская помощь пациентам, нуждающимся в круглосуточном сестринском уходе, при отсутствии медицинских показаний для постоянного наблюдения врача.",,True,True,False
https://palliative.zdrav.mosreg.ru/clinics/taldomskaya_tsentralnaya_raionnaya_bolnitsa/stacionar,"ГБУЗ Московской области ""Талдомская центральная районная больница""",Оказание паллиативной специализированной медицинской помощи взрослым в стационарных условиях.,,True,True,False
https://palliative.zdrav.mosreg.ru/clinics/taldomskaya_tsentralnaya_raionnaya_bolnitsa/sestrinskiy-uhod,"ГБУЗ Московской области ""Талдомская центральная районная больница""","Медицинская помощь пациентам, нуждающимся в круглосуточном сестринском уходе, при отсутствии медицинских показаний для постоянного наблюдения врача.",,True,True,False
https://palliative.zdrav.mosreg.ru/clinics/taldomskaya_tsentralnaya_raionnaya_bolnitsa,"ГБУЗ Московской области ""Талдомская центральная районная больница""","Оказание взрослому населению специализированной паллиативной медицинской поддержки в амбулаторных условиях в ГБУЗ Московской области ""Талдомская центральная районная больница"".",,True,True,False
https://palliative.zdrav.mosreg.ru/clinics/taldomskaya_tsentralnaya_raionnaya_bolnitsa/vyezdnaya-brigada,"ГБУЗ Московской области ""Талдомская центральная районная больница""",Оказание паллиативной медицинской помощи амбулаторным пациентам на дому.,,True,True,False
https://palliative.zdrav.mosreg.ru/clinics/chehovskaya_oblastnaya_bolnitsa_,"ГБУЗ Московской области ""Чеховская больница""","Имеет в своем составе взрослые и детские поликлинические отделения. Оказывается первичная, специализированная и высокотехнологичная помощь в терапевтических и хирургических отделениях взрослым и детям в городском округе Чехов.",,True,True,False
https://palliative.zdrav.mosreg.ru/clinics/shaturskaya_oblastnaya_bolnitsa/sestrinskiy-uhod,"ГБУЗ Московской области ""Шатурская областная больница""","Медицинская помощь пациентам, нуждающимся в круглосуточном сестринском уходе, при отсутствии медицинских показаний для постоянного наблюдения врача.",,True,True,False
https://palliative.zdrav.mosreg.ru/clinics/shaturskaya_oblastnaya_bolnitsa,"ГБУЗ Московской области ""Шатурская областная больница""","Имеет в своем составе взрослые и детские поликлинические отделения. Оказывается первичная, специализированная и высокотехнологичная помощь в терапевтических и хирургических отделениях взрослым и детям в городском округе Шатура.",,True,True,False
https://palliative.zdrav.mosreg.ru/clinics/shaturskaya_oblastnaya_bolnitsa/kabinet,"ГБУЗ Московской области ""Шатурская областная больница""",Оказание паллиативной специализированной медицинской помощи взрослым в амбулаторных условиях.,,True,True,False
https://palliative.zdrav.mosreg.ru/clinics/shahovskaya_tsentralnaya_raionnaya_bolnitsa/stacionar,"ГБУЗ Московской области ""Шаховская центральная районная больница""",Оказание паллиативной специализированной медицинской помощи взрослым в стационарных условиях.,,True,True,False
https://palliative.zdrav.mosreg.ru/clinics/shahovskaya_tsentralnaya_raionnaya_bolnitsa,"ГБУЗ Московской области ""Шаховская центральная районная больница""","ГБУЗ Московской области ""Шаховская центральная районная больница"" предлагает паллиативную медицинскую помощь пациентам, нуждающимся в круглосуточном сестринском уходе. Отделение оборудовано 18 койками, расположенными на первом этаже отдельного здания.",,True,True,False
https://palliative.zdrav.mosreg.ru/clinics/schelkovskaya_oblastnaya_bolnitsa/stacionar,"ГБУЗ Московской области ""Щелковская областная больница""",Оказание паллиативной специализированной медицинской помощи взрослым в стационарных условиях.,,True,True,False
https://palliative.zdrav.mosreg.ru/clinics/schelkovskaya_oblastnaya_bolnitsa,"ГБУЗ Московской области ""Щелковская областная больница""",Специализированная медицинская поддержка паллиативных больных взрослого возраста в амбулаторных формах.,,True,True,False
https://palliative.zdrav.mosreg.ru/clinics/elektrostalskaya_tsentralnaya_gorodskaya_bolnitsa,"ГБУЗ Московской области ""Электростальская центральная городская больница""","Имеет в своем составе взрослые и детские поликлинические отделения. Оказывается первичная, специализированная и высокотехнологичная помощь в терапевтических и хирургических отделениях взрослым и детям в городском округе Электросталь.",,True,True,False
https://palliative.zdrav.mosreg.ru/clinics/kolomenskii_spetsializirovannii_dom_rebenka/stacionar,,,,False,False,False
https://palliative.zdrav.mosreg.ru/clinics/koordinatsionnii_tsentr_palliativnoi_meditsinskoi_pomoschi_m_z,Координационный центр паллиативной медицинской помощи Московской области,"Координационный центр паллиативной медицинской помощи помогает по всем вопросам, касающихся паллиативной помощи в Московской области.",,True,True,False
https://palliative.zdrav.mosreg.ru/quiz/opros-po-informacionnomu-portalu-palliativnaya-pomosh-v-podmoskove,,,,False,False,False
https://palliative.zdrav.mosreg.ru/quiz/otsenka_kachestva_uslug,,,,False,False,False
